Index,DeployID,Ptt,DepthSensor,Source,Instr,Day,Time,Time Offset,Count,InitLocQ,InitTime,InitLat,InitLon,Deepest,SSTTime,SSTDepth,SSTTemp,Type,Delta,MinDepth,MaxDepth,AttenShallow,AttenDeep,TravelMetric,FoundPrevious,K,LL0,Depth0,LL1,Depth1,LL2,Depth2,LL3,Depth3,LL4,Depth4,LL5,Depth5,LL6,Depth6,LL7,Depth7,LL8,Depth8,LL9,Depth9,LL10,Depth10,LL11,Depth11
,"47618",47618,0.500000,Transmission,MiniPAT,31-Jan-2019,10:48:12,,,,,,,,,,,Begin
,"47618",47618,0.500000,Transmission,MiniPAT,11-Jul-2019,08:00:00,6,,Argos-3,2019-07-11 18:27:59,-19.6048,-166.1483,,,,,End
0,"47618",47618,0.500000,Transmission,MiniPAT,03-Feb-2019,05:11:15,,3,,,,,,16:00:00 03-Feb-2019,0,28.5,Dusk,600,48,80,,,0,,40576,163,,155,,141,,121,,99,,78,,61,,47,,40,
1,"47618",47618,0.500000,Transmission,MiniPAT,03-Feb-2019,15:30:00,,3,,,,,72,16:00:00 03-Feb-2019,0,28.5,Dawn,600,16,48,,,0,,60938,48,,63,,83,,104,,126,,148,,158,,165,,170,
2,"47618",47618,0.500000,Transmission,MiniPAT,04-Feb-2019,05:27:30,,3,,,,,72,15:00:00 04-Feb-2019,0,28.0,Dusk,450,16,48,,,0,,38817,146,,133,,117,,102,,94,,73,,58,,47,,40,
3,"47618",47618,0.500000,Transmission,MiniPAT,04-Feb-2019,15:31:15,,3,,,,,56,15:00:00 04-Feb-2019,0,28.0,Dawn,450,16,16,,,0,,31317,44,,52,,62,,78,,97,,115,,125,,137,,143,
4,"47618",47618,0.500000,Transmission,MiniPAT,05-Feb-2019,05:06:15,,5,,,,,56,09:00:00 05-Feb-2019,0,27.8,Dusk,600,16,48,,,0,,49136,158,,151,,142,,126,,105,,81,,61,,46,,38,
5,"47618",47618,0.500000,Transmission,MiniPAT,05-Feb-2019,15:32:30,,5,,,,,64,09:00:00 05-Feb-2019,0,27.8,Dawn,600,16,16,,,0,,29337,44,,58,,77,,100,,119,,139,,149,,163,,170,
6,"47618",47618,0.500000,Transmission,MiniPAT,06-Feb-2019,04:53:45,,11,,,,,64,12:00:00 06-Feb-2019,0,27.8,Dusk,600,16,16,,,0,,16008,158,,153,,145,,135,,121,,99,,73,,52,,41,
7,"47618",47618,0.500000,Transmission,MiniPAT,06-Feb-2019,15:25:00,,11,,,,,80,12:00:00 06-Feb-2019,0,27.8,Dawn,600,16,16,,,0,,58807,42,,52,,68,,89,,110,,134,,149,,158,,169,
8,"47618",47618,0.500000,Transmission,MiniPAT,07-Feb-2019,05:06:15,,8,,,,,80,08:00:00 07-Feb-2019,0,27.9,Dusk,600,16,16,,,0,,64441,166,,155,,146,,129,,105,,84,,65,,51,,40,
9,"47618",47618,0.500000,Transmission,MiniPAT,07-Feb-2019,15:32:30,,8,,,,,104,08:00:00 07-Feb-2019,0,27.9,Dawn,600,16,16,,,0,,31067,42,,54,,77,,99,,123,,143,,155,,162,,167,
10,"47618",47618,0.500000,Transmission,MiniPAT,08-Feb-2019,05:17:30,,8,,,,,104,12:00:00 08-Feb-2019,0,28.0,Dusk,450,16,48,,,0,,12079,152,,145,,131,,116,,97,,74,,58,,47,,41,
11,"47618",47618,0.500000,Transmission,MiniPAT,08-Feb-2019,15:36:15,,8,,,,,120,12:00:00 08-Feb-2019,0,28.0,Dawn,450,16,16,,,0,,2302,48,,60,,75,,93,,111,,127,,139,,147,,157,
12,"47618",47618,0.500000,Transmission,MiniPAT,09-Feb-2019,04:57:30,,11,,,,,120,09:00:00 09-Feb-2019,0,28.6,Dusk,600,16,48,,,0,,23460,151,,147,,136,,123,,105,,81,,59,,47,,39,
13,"47618",47618,0.500000,Transmission,MiniPAT,09-Feb-2019,15:36:15,,11,,,,,352,09:00:00 09-Feb-2019,0,28.6,Dawn,450,16,48,,,0,,25640,46,,57,,72,,88,,106,,122,,135,,146,,155,
14,"47618",47618,0.500000,Transmission,MiniPAT,10-Feb-2019,05:01:15,,11,,,,,352,09:00:00 10-Feb-2019,1,28.5,Dusk,600,16,80,,,0,,27846,159,,152,,141,,125,,104,,78,,59,,46,,41,
15,"47618",47618,0.500000,Transmission,MiniPAT,10-Feb-2019,15:35:00,,11,,,,,104,09:00:00 10-Feb-2019,1,28.5,Dawn,450,16,16,,,0,,14358,46,,56,,68,,83,,103,,121,,135,,146,,156,
16,"47618",47618,0.500000,Transmission,MiniPAT,11-Feb-2019,04:52:30,,5,,,,,104,12:00:00 11-Feb-2019,0,28.0,Dusk,600,16,80,,,0,,57617,161,,155,,149,,135,,118,,95,,74,,57,,46,
17,"47618",47618,0.500000,Transmission,MiniPAT,11-Feb-2019,15:45:00,,5,,,,,,12:00:00 11-Feb-2019,0,28.0,Dawn,450,16,48,,,0,,47593,60,,71,,89,,109,,126,,140,,152,,158,,165,
18,"47618",47618,0.500000,Transmission,MiniPAT,12-Feb-2019,04:55:00,,5,,,,,,17:00:00 12-Feb-2019,1,28.3,Dusk,600,16,80,,,0,,6986,162,,158,,150,,134,,115,,98,,77,,59,,48,
19,"47618",47618,0.500000,Transmission,MiniPAT,12-Feb-2019,15:46:15,,5,,,,,80,17:00:00 12-Feb-2019,1,28.3,Dawn,450,16,48,,,0,,18047,61,,71,,86,,107,,123,,135,,145,,154,,162,
20,"47618",47618,0.500000,Transmission,MiniPAT,13-Feb-2019,05:12:30,,9,,,,,80,15:00:00 13-Feb-2019,2,28.0,Dusk,450,16,48,,,0,,48816,156,,147,,133,,119,,101,,88,,73,,63,,57,
21,"47618",47618,0.500000,Transmission,MiniPAT,13-Feb-2019,15:56:15,,9,,,,,160,15:00:00 13-Feb-2019,2,28.0,Dawn,450,16,48,,,0,,9363,78,,95,,115,,131,,142,,150,,156,,161,,166,
22,"47618",47618,0.500000,Transmission,MiniPAT,14-Feb-2019,04:41:15,1,8,,,,,160,09:00:00 14-Feb-2019,0,28.1,Dusk,750,16,144,,,0,,42444,166,,159,,154,,144,,128,,100,,73,,61,,58,
23,"47618",47618,0.500000,Transmission,MiniPAT,14-Feb-2019,16:00:00,1,8,,,,,456,09:00:00 14-Feb-2019,0,28.1,Dawn,600,16,48,,,0,,27998,79,,101,,122,,138,,153,,160,,166,,170,,174,
24,"47618",47618,0.500000,Transmission,MiniPAT,15-Feb-2019,05:03:45,1,8,,,,,456,09:00:00 15-Feb-2019,1,28.1,Dusk,450,16,48,,,0,,60018,157,,153,,144,,131,,116,,101,,83,,69,,61,
25,"47618",47618,0.500000,Transmission,MiniPAT,15-Feb-2019,16:05:00,1,8,,,,,232,09:00:00 15-Feb-2019,1,28.1,Dawn,450,16,48,,,0,,30495,95,,115,,131,,145,,153,,158,,158,,162,,165,
26,"47618",47618,0.500000,Transmission,MiniPAT,16-Feb-2019,04:35:00,1,7,,,,,232,12:00:00 16-Feb-2019,0,28.0,Dusk,600,16,48,,,0,,58357,172,,165,,161,,156,,148,,135,,116,,93,,74,
27,"47618",47618,0.500000,Transmission,MiniPAT,16-Feb-2019,15:58:45,1,7,,,,,224,12:00:00 16-Feb-2019,0,28.0,Dawn,600,16,80,,,0,,53510,85,,111,,130,,150,,160,,165,,170,,174,,178,
28,"47618",47618,0.500000,Transmission,MiniPAT,17-Feb-2019,05:03:45,1,5,,,,,224,17:00:00 17-Feb-2019,1,28.2,Dusk,450,16,48,,,0,,19886,156,,153,,142,,130,,115,,99,,83,,71,,67,
29,"47618",47618,0.500000,Transmission,MiniPAT,17-Feb-2019,15:56:15,1,5,,,,,232,17:00:00 17-Feb-2019,1,28.2,Dawn,300,16,48,,,0,,21838,77,,89,,100,,112,,124,,133,,142,,150,,156,
30,"47618",47618,0.500000,Transmission,MiniPAT,18-Feb-2019,05:01:15,1,4,,,,,232,09:00:00 18-Feb-2019,4,28.4,Dusk,450,16,80,,,0,,28417,155,,151,,142,,131,,116,,98,,84,,74,,66,
31,"47618",47618,0.500000,Transmission,MiniPAT,18-Feb-2019,15:56:15,1,4,,,,,264,09:00:00 18-Feb-2019,4,28.4,Dawn,300,16,48,,,0,,63406,76,,88,,99,,111,,123,,133,,142,,149,,153,
32,"47618",47618,0.500000,Transmission,MiniPAT,19-Feb-2019,05:11:15,1,5,,,,,264,10:00:00 19-Feb-2019,1,28.4,Dusk,300,16,48,,,0,,57122,151,,145,,136,,126,,115,,103,,91,,79,,70,
33,"47618",47618,0.500000,Transmission,MiniPAT,19-Feb-2019,16:01:15,1,5,,,,,392,10:00:00 19-Feb-2019,1,28.4,Dawn,300,16,48,,,0,,29610,88,,101,,112,,125,,136,,145,,151,,156,,160,
34,"47618",47618,0.500000,Transmission,MiniPAT,20-Feb-2019,05:08:45,1,7,,,,,392,12:00:00 20-Feb-2019,4,28.5,Dusk,300,16,48,,,0,,56258,149,,145,,138,,129,,117,,106,,94,,82,,71,
35,"47618",47618,0.500000,Transmission,MiniPAT,20-Feb-2019,15:58:45,1,7,,,,,128,12:00:00 20-Feb-2019,4,28.5,Dawn,300,16,48,,,0,,58544,82,,94,,107,,118,,128,,137,,145,,151,,155,
36,"47618",47618,0.500000,Transmission,MiniPAT,21-Feb-2019,04:55:00,1,5,,,,,128,11:00:00 21-Feb-2019,0,28.3,Dusk,450,16,112,,,0,,33597,149,,147,,142,,133,,118,,101,,84,,70,,58,
37,"47618",47618,0.500000,Transmission,MiniPAT,21-Feb-2019,16:07:30,1,5,,,,,240,11:00:00 21-Feb-2019,0,28.3,Dawn,450,16,48,,,0,,15442,91,,113,,129,,138,,146,,151,,151,,155,,158,
38,"47618",47618,0.500000,Transmission,MiniPAT,22-Feb-2019,04:56:15,1,7,,,,,240,13:00:00 22-Feb-2019,1,28.3,Dusk,450,16,48,,,0,,46842,160,,153,,143,,132,,118,,101,,84,,67,,54,
39,"47618",47618,0.500000,Transmission,MiniPAT,22-Feb-2019,15:55:00,1,7,,,,,112,13:00:00 22-Feb-2019,1,28.3,Dawn,450,16,112,,,0,,55860,69,,83,,102,,119,,133,,143,,151,,153,,156,
40,"47618",47618,0.500000,Transmission,MiniPAT,23-Feb-2019,04:57:30,1,3,,,,,96,16:00:00 23-Feb-2019,2,28.1,Dusk,450,16,48,,,0,,53989,162,,155,,145,,132,,116,,98,,82,,67,,58,
41,"47618",47618,0.500000,Transmission,MiniPAT,23-Feb-2019,15:55:00,1,3,,,,,80,16:00:00 23-Feb-2019,2,28.1,Dawn,450,16,48,,,0,,45686,74,,90,,108,,127,,141,,150,,157,,164,,168,
42,"47618",47618,0.500000,Transmission,MiniPAT,24-Feb-2019,04:53:45,1,9,,,,,80,15:00:00 24-Feb-2019,1,28.1,Dusk,450,16,16,,,0,,52033,159,,153,,145,,133,,117,,100,,82,,67,,54,
43,"47618",47618,0.500000,Transmission,MiniPAT,24-Feb-2019,15:46:15,1,9,,,,,144,15:00:00 24-Feb-2019,1,28.1,Dawn,450,16,80,,,0,,3069,63,,73,,88,,104,,122,,136,,149,,157,,162,
44,"47618",47618,0.500000,Transmission,MiniPAT,25-Feb-2019,04:37:30,1,8,,,,,144,16:00:00 25-Feb-2019,2,28.1,Dusk,600,16,112,,,0,,21036,167,,161,,150,,144,,128,,107,,83,,63,,48,
45,"47618",47618,0.500000,Transmission,MiniPAT,25-Feb-2019,15:52:30,1,8,,,,,240,16:00:00 25-Feb-2019,2,28.1,Dawn,600,16,80,,,0,,39353,70,,90,,113,,134,,148,,157,,165,,169,,172,
46,"47618",47618,0.500000,Transmission,MiniPAT,26-Feb-2019,04:41:15,1,6,,,,,240,15:00:00 26-Feb-2019,4,28.3,Dusk,600,16,48,,,0,,27781,164,,158,,151,,139,,121,,96,,72,,54,,41,
47,"47618",47618,0.500000,Transmission,MiniPAT,26-Feb-2019,15:45:00,1,6,,,,,264,15:00:00 26-Feb-2019,4,28.3,Dawn,600,16,80,,,0,,25907,59,,74,,95,,116,,136,,151,,158,,165,,166,
48,"47618",47618,0.500000,Transmission,MiniPAT,27-Feb-2019,04:58:45,1,1,,,,,264,10:00:00 27-Feb-2019,1,28.3,Dusk,450,16,48,,,0,,38503,155,,149,,137,,121,,104,,87,,70,,56,,45,
49,"47618",47618,0.500000,Transmission,MiniPAT,27-Feb-2019,15:38:45,1,1,,,,,112,10:00:00 27-Feb-2019,1,28.3,Dawn,450,16,48,,,0,,23866,51,,57,,69,,84,,101,,119,,136,,146,,155,
50,"47618",47618,0.500000,Transmission,MiniPAT,28-Feb-2019,04:43:45,1,5,,,,,112,11:00:00 28-Feb-2019,1,28.3,Dusk,600,16,80,,,0,,5924,167,,162,,155,,140,,117,,92,,69,,52,,42,
51,"47618",47618,0.500000,Transmission,MiniPAT,28-Feb-2019,15:43:45,1,5,,,,,392,11:00:00 28-Feb-2019,1,28.3,Dawn,600,16,48,,,0,,63384,53,,70,,92,,113,,135,,150,,160,,166,,170,
52,"47618",47618,0.500000,Transmission,MiniPAT,01-Mar-2019,04:46:15,1,8,,,,,392,10:00:00 01-Mar-2019,0,28.5,Dusk,600,16,80,,,0,,514,168,,159,,146,,129,,107,,83,,63,,49,,43,
53,"47618",47618,0.500000,Transmission,MiniPAT,01-Mar-2019,15:42:30,1,8,,,,,128,10:00:00 01-Mar-2019,0,28.5,Dawn,600,16,48,,,0,,2383,48,,62,,83,,106,,129,,145,,156,,163,,166,
54,"47618",47618,0.500000,Transmission,MiniPAT,02-Mar-2019,05:02:30,1,11,,,,,128,10:00:00 02-Mar-2019,1,28.8,Dusk,450,16,48,,,0,,9429,154,,140,,123,,106,,90,,74,,59,,49,,41,
55,"47618",47618,0.500000,Transmission,MiniPAT,02-Mar-2019,15:36:15,1,11,,,,,104,10:00:00 02-Mar-2019,1,28.8,Dawn,450,16,16,,,0,,57345,42,,50,,63,,78,,93,,111,,130,,143,,151,
56,"47618",47618,0.500000,Transmission,MiniPAT,03-Mar-2019,04:46:15,1,10,,,,,104,12:00:00 03-Mar-2019,0,28.4,Dusk,600,16,80,,,0,,62717,163,,155,,145,,126,,103,,79,,59,,44,,38,
57,"47618",47618,0.500000,Transmission,MiniPAT,03-Mar-2019,15:38:45,1,10,,,,,104,12:00:00 03-Mar-2019,0,28.4,Dawn,450,16,16,,,0,,18262,45,,54,,69,,83,,99,,118,,140,,152,,159,
58,"47618",47618,0.500000,Transmission,MiniPAT,04-Mar-2019,04:43:45,1,6,,,,,104,15:00:00 04-Mar-2019,1,28.4,Dusk,600,16,48,,,0,,16469,156,,149,,142,,124,,100,,78,,56,,43,,38,
59,"47618",47618,0.500000,Transmission,MiniPAT,04-Mar-2019,15:43:45,1,6,,,,,160,15:00:00 04-Mar-2019,1,28.4,Dawn,600,16,80,,,0,,29698,50,,69,,91,,112,,134,,150,,160,,165,,169,
60,"47618",47618,0.500000,Transmission,MiniPAT,05-Mar-2019,04:05:00,1,8,,,,,160,08:00:00 05-Mar-2019,0,28.4,Dusk,900,16,112,,,0,,57248,180,,169,,163,,158,,143,,110,,74,,49,,38,
61,"47618",47618,0.500000,Transmission,MiniPAT,05-Mar-2019,15:41:15,1,8,,,,,304,08:00:00 05-Mar-2019,0,28.4,Dawn,750,16,48,,,0,,55451,44,,64,,90,,123,,145,,157,,166,,171,,177,
62,"47618",47618,0.500000,Transmission,MiniPAT,06-Mar-2019,04:03:45,1,4,,,,,304,17:00:00 06-Mar-2019,1,28.2,Dusk,900,16,48,,,0,,5542,174,,170,,163,,154,,139,,106,,69,,47,,35,
63,"47618",47618,0.500000,Transmission,MiniPAT,06-Mar-2019,15:47:30,1,4,,,,,624,17:00:00 06-Mar-2019,1,28.2,Dawn,750,16,48,,,0,,45219,47,,68,,97,,127,,149,,161,,171,,172,,177,
64,"47618",47618,0.500000,Transmission,MiniPAT,07-Mar-2019,04:35:00,1,7,,,,,624,09:00:00 07-Mar-2019,0,28.1,Dusk,600,16,560,,,0,,623,165,,159,,136,,135,,121,,98,,74,,56,,43,
65,"47618",47618,0.500000,Transmission,MiniPAT,07-Mar-2019,15:41:15,1,7,,,,,64,09:00:00 07-Mar-2019,0,28.1,Dawn,600,16,48,,,0,,49434,48,,62,,82,,106,,129,,147,,160,,167,,173,
66,"47618",47618,0.500000,Transmission,MiniPAT,08-Mar-2019,04:42:30,1,5,,,,,64,11:00:00 08-Mar-2019,0,28.2,Dusk,600,16,16,,,0,,21362,172,,159,,150,,129,,106,,85,,61,,47,,39,
67,"47618",47618,0.500000,Transmission,MiniPAT,08-Mar-2019,15:48:45,1,5,,,,,88,11:00:00 08-Mar-2019,0,28.2,Dawn,600,16,48,,,0,,46322,54,,74,,96,,122,,143,,156,,165,,171,,174,
68,"47618",47618,0.500000,Transmission,MiniPAT,09-Mar-2019,04:38:45,1,7,,,,,88,14:00:00 09-Mar-2019,0,27.6,Dusk,600,16,48,,,0,,55998,176,,166,,154,,136,,112,,88,,69,,51,,42,
69,"47618",47618,0.500000,Transmission,MiniPAT,09-Mar-2019,15:43:45,1,7,,,,,88,14:00:00 09-Mar-2019,0,27.6,Dawn,600,16,16,,,0,,29383,49,,65,,85,,108,,132,,151,,162,,169,,173,
70,"47618",47618,0.500000,Transmission,MiniPAT,10-Mar-2019,04:38:45,1,6,,,,,88,15:00:00 10-Mar-2019,1,27.1,Dusk,600,16,16,,,0,,26468,174,,164,,152,,134,,110,,87,,65,,49,,40,
71,"47618",47618,0.500000,Transmission,MiniPAT,10-Mar-2019,15:43:45,1,6,,,,,128,15:00:00 10-Mar-2019,1,27.1,Dawn,600,16,16,,,0,,15947,49,,66,,86,,108,,132,,152,,165,,172,,176,
72,"47618",47618,0.500000,Transmission,MiniPAT,11-Mar-2019,04:56:15,1,4,,,,,128,14:00:00 11-Mar-2019,1,27.1,Dusk,450,48,48,,,0,,21371,155,,144,,129,,111,,92,,77,,63,,52,,47,
73,"47618",47618,0.500000,Transmission,MiniPAT,11-Mar-2019,15:53:45,1,4,,,,,160,14:00:00 11-Mar-2019,1,27.1,Dawn,450,16,48,,,0,,17236,52,,65,,78,,96,,115,,130,,139,,149,,155,
74,"47618",47618,0.500000,Transmission,MiniPAT,12-Mar-2019,04:31:15,1,5,,,,,160,09:00:00 12-Mar-2019,0,27.1,Dusk,600,16,16,,,0,,44450,167,,162,,152,,140,,119,,94,,71,,54,,47,
75,"47618",47618,0.500000,Transmission,MiniPAT,12-Mar-2019,15:53:45,1,5,,,,,104,09:00:00 12-Mar-2019,0,27.1,Dawn,450,16,48,,,0,,13033,59,,73,,89,,108,,126,,143,,154,,161,,167,
76,"47618",47618,0.500000,Transmission,MiniPAT,13-Mar-2019,04:42:30,2,1,,,,,104,16:00:00 13-Mar-2019,0,27.1,Dusk,450,16,48,,,0,,53825,167,,160,,151,,139,,121,,103,,87,,72,,61,
77,"47618",47618,0.500000,Transmission,MiniPAT,13-Mar-2019,16:08:45,2,1,,,,,208,16:00:00 13-Mar-2019,0,27.1,Dawn,450,16,48,,,0,,25223,75,,98,,116,,138,,152,,165,,171,,175,,178,
78,"47618",47618,0.500000,Transmission,MiniPAT,15-Mar-2019,04:43:45,2,4,,,,,120,13:00:00 15-Mar-2019,0,27.0,Dusk,450,16,16,,,0,,7938,164,,158,,148,,133,,116,,98,,82,,70,,64,
79,"47618",47618,0.500000,Transmission,MiniPAT,15-Mar-2019,16:02:30,2,4,,,,,,13:00:00 15-Mar-2019,0,27.0,Dawn,450,16,48,,,0,,28233,77,,94,,111,,128,,143,,154,,161,,167,,171,
80,"47618",47618,0.500000,Transmission,MiniPAT,16-Mar-2019,04:48:45,2,5,,,,,,11:00:00 16-Mar-2019,0,26.6,Dusk,300,16,48,,,0,,32579,151,,145,,137,,127,,115,,103,,90,,79,,69,
81,"47618",47618,0.500000,Transmission,MiniPAT,16-Mar-2019,16:05:00,2,5,,,,,176,11:00:00 16-Mar-2019,0,26.6,Dawn,300,48,48,,,0,,4612,74,,85,,97,,109,,122,,133,,142,,149,,154,
82,"47618",47618,0.500000,Transmission,MiniPAT,17-Mar-2019,04:31:15,2,7,,,,,176,14:00:00 17-Mar-2019,0,26.4,Dusk,450,16,48,,,0,,46682,160,,155,,151,,141,,130,,113,,94,,79,,69,
83,"47618",47618,0.500000,Transmission,MiniPAT,17-Mar-2019,16:20:00,2,7,,,,,88,14:00:00 17-Mar-2019,0,26.4,Dawn,450,16,48,,,0,,47725,105,,123,,138,,148,,155,,159,,160,,163,,167,
84,"47618",47618,0.500000,Transmission,MiniPAT,18-Mar-2019,04:45:00,2,9,,,,,88,14:00:00 18-Mar-2019,0,26.5,Dusk,300,16,48,,,0,,40484,161,,156,,150,,141,,131,,119,,107,,94,,82,
85,"47618",47618,0.500000,Transmission,MiniPAT,18-Mar-2019,16:05:00,2,9,,,,,192,14:00:00 18-Mar-2019,0,26.5,Dawn,300,16,48,,,0,,10719,82,,94,,105,,117,,129,,140,,148,,156,,162,
86,"47618",47618,0.500000,Transmission,MiniPAT,19-Mar-2019,04:32:30,2,7,,,,,192,15:00:00 19-Mar-2019,0,26.5,Dusk,450,16,16,,,0,,20276,170,,165,,157,,147,,133,,115,,97,,83,,73,
87,"47618",47618,0.500000,Transmission,MiniPAT,19-Mar-2019,16:08:45,2,7,,,,,112,15:00:00 19-Mar-2019,0,26.5,Dawn,450,16,48,,,0,,58406,95,,114,,130,,145,,156,,164,,170,,173,,177,
88,"47618",47618,0.500000,Transmission,MiniPAT,20-Mar-2019,04:40:00,2,10,,,,,112,16:00:00 20-Mar-2019,0,26.5,Dusk,300,16,16,,,0,,42796,157,,152,,146,,138,,128,,116,,105,,93,,81,
89,"47618",47618,0.500000,Transmission,MiniPAT,20-Mar-2019,16:25:00,2,10,,,,,80,16:00:00 20-Mar-2019,0,26.5,Dawn,600,16,48,,,0,,28355,103,,121,,134,,143,,146,,149,,153,,158,,157,
90,"47618",47618,0.500000,Transmission,MiniPAT,21-Mar-2019,04:50:00,2,10,,,,,80,17:00:00 21-Mar-2019,1,26.5,Dusk,300,16,16,,,0,,51287,150,,142,,132,,120,,108,,96,,86,,75,,67,
91,"47618",47618,0.500000,Transmission,MiniPAT,21-Mar-2019,16:17:30,2,10,,,,,88,17:00:00 21-Mar-2019,1,26.5,Dawn,300,16,16,,,0,,41873,108,,120,,132,,140,,143,,143,,141,,137,,142,
92,"47618",47618,0.500000,Transmission,MiniPAT,22-Mar-2019,04:30:00,2,7,,,,,88,17:00:00 22-Mar-2019,1,26.3,Dusk,450,16,48,,,0,,14337,167,,162,,155,,144,,128,,110,,92,,75,,60,
93,"47618",47618,0.500000,Transmission,MiniPAT,22-Mar-2019,16:12:30,2,7,,,,,112,17:00:00 22-Mar-2019,1,26.3,Dawn,450,16,48,,,0,,36946,95,,114,,132,,147,,154,,160,,168,,171,,175,
94,"47618",47618,0.500000,Transmission,MiniPAT,23-Mar-2019,04:30:00,2,3,,,,,112,09:00:00 23-Mar-2019,2,26.4,Dusk,450,16,48,,,0,,44575,158,,155,,146,,135,,120,,106,,88,,73,,57,
95,"47618",47618,0.500000,Transmission,MiniPAT,23-Mar-2019,16:06:15,2,3,,,,,80,09:00:00 23-Mar-2019,2,26.4,Dawn,300,16,80,,,0,,43955,78,,87,,99,,111,,123,,133,,143,,150,,156,
96,"47618",47618,0.500000,Transmission,MiniPAT,24-Mar-2019,04:12:30,2,4,,,,,72,12:00:00 24-Mar-2019,0,26.2,Dusk,600,16,48,,,0,,57737,170,,161,,155,,148,,139,,117,,92,,71,,53,
97,"47618",47618,0.500000,Transmission,MiniPAT,24-Mar-2019,16:07:30,2,4,,,,,200,12:00:00 24-Mar-2019,0,26.2,Dawn,450,16,48,,,0,,62156,78,,93,,112,,129,,145,,154,,161,,166,,170,
98,"47618",47618,0.500000,Transmission,MiniPAT,25-Mar-2019,04:27:30,2,6,,,,,200,13:00:00 25-Mar-2019,1,26.3,Dusk,450,16,48,,,0,,61177,162,,156,,150,,136,,123,,106,,87,,70,,54,
99,"47618",47618,0.500000,Transmission,MiniPAT,25-Mar-2019,15:58:45,2,6,,,,,192,13:00:00 25-Mar-2019,1,26.3,Dawn,450,16,48,,,0,,963,63,,71,,86,,106,,120,,134,,147,,155,,162,
100,"47618",47618,0.500000,Transmission,MiniPAT,26-Mar-2019,04:31:15,2,4,,,,,192,14:00:00 26-Mar-2019,1,26.6,Dusk,450,16,48,,,0,,10686,161,,155,,147,,135,,118,,99,,82,,67,,52,
101,"47618",47618,0.500000,Transmission,MiniPAT,26-Mar-2019,15:57:30,2,4,,,,,176,14:00:00 26-Mar-2019,1,26.6,Dawn,450,16,80,,,0,,12724,63,,69,,83,,102,,120,,136,,147,,156,,163,
102,"47618",47618,0.500000,Transmission,MiniPAT,27-Mar-2019,04:30:00,2,3,,,,,176,14:00:00 27-Mar-2019,0,26.6,Dusk,450,16,16,,,0,,40765,158,,149,,139,,126,,108,,90,,71,,56,,43,
103,"47618",47618,0.500000,Transmission,MiniPAT,27-Mar-2019,16:11:15,2,3,,,,,192,14:00:00 27-Mar-2019,0,26.6,Dawn,450,16,48,,,0,,22094,71,,94,,113,,129,,140,,149,,155,,163,,166,
104,"47618",47618,0.500000,Transmission,MiniPAT,28-Mar-2019,04:21:15,2,2,,,,,192,13:00:00 28-Mar-2019,1,26.3,Dusk,450,16,48,,,0,,21728,148,,143,,135,,129,,110,,98,,82,,67,,52,
105,"47618",47618,0.500000,Transmission,MiniPAT,28-Mar-2019,16:02:30,2,2,,,,,120,13:00:00 28-Mar-2019,1,26.3,Dawn,450,16,48,,,0,,40149,61,,74,,91,,108,,124,,138,,146,,153,,157,
106,"47618",47618,0.500000,Transmission,MiniPAT,29-Mar-2019,04:08:45,2,3,,,,,120,10:00:00 29-Mar-2019,0,26.1,Dusk,600,16,48,,,0,,17936,168,,164,,158,,150,,135,,114,,87,,66,,50,
107,"47618",47618,0.500000,Transmission,MiniPAT,29-Mar-2019,15:58:45,2,3,,,,,560,10:00:00 29-Mar-2019,0,26.1,Dawn,450,16,48,,,0,,10234,64,,77,,94,,112,,129,,144,,155,,162,,168,
108,"47618",47618,0.500000,Transmission,MiniPAT,30-Mar-2019,04:17:30,2,3,,,,,560,14:00:00 30-Mar-2019,1,26.0,Dusk,600,16,48,,,0,,60024,171,,166,,155,,141,,119,,96,,74,,57,,48,
109,"47618",47618,0.500000,Transmission,MiniPAT,30-Mar-2019,15:47:30,2,3,,,,,,14:00:00 30-Mar-2019,1,26.0,Dawn,600,16,496,,,0,,45835,52,,62,,80,,101,,123,,141,,146,,164,,173,
110,"47618",47618,0.500000,Transmission,MiniPAT,31-Mar-2019,04:32:30,2,5,,,,,,12:00:00 31-Mar-2019,0,26.0,Dusk,450,16,48,,,0,,33647,154,,145,,134,,117,,100,,83,,67,,54,,44,
111,"47618",47618,0.500000,Transmission,MiniPAT,31-Mar-2019,15:56:15,2,5,,,,,104,12:00:00 31-Mar-2019,0,26.0,Dawn,600,16,80,,,0,,50193,56,,72,,92,,117,,135,,150,,156,,163,,166,
112,"47618",47618,0.500000,Transmission,MiniPAT,01-Apr-2019,04:07:30,2,8,,,,,104,12:00:00 01-Apr-2019,0,25.8,Dusk,600,16,48,,,0,,51150,148,,141,,134,,126,,110,,93,,66,,46,,38,
113,"47618",47618,0.500000,Transmission,MiniPAT,01-Apr-2019,15:51:15,2,8,,,,,120,12:00:00 01-Apr-2019,0,25.8,Dawn,450,16,48,,,0,,15986,41,,51,,65,,80,,95,,113,,132,,146,,151,
114,"47618",47618,0.500000,Transmission,MiniPAT,02-Apr-2019,04:26:15,2,6,,,,,120,12:00:00 02-Apr-2019,0,25.3,Dusk,450,16,80,,,0,,35324,154,,146,,135,,116,,97,,81,,65,,51,,43,
115,"47618",47618,0.500000,Transmission,MiniPAT,02-Apr-2019,15:50:00,2,6,,,,,248,12:00:00 02-Apr-2019,0,25.3,Dawn,450,16,80,,,0,,56145,48,,59,,72,,91,,108,,123,,140,,152,,160,
116,"47618",47618,0.500000,Transmission,MiniPAT,03-Apr-2019,04:18:45,2,3,,,,,248,14:00:00 03-Apr-2019,0,25.6,Dusk,600,16,80,,,0,,29967,160,,156,,139,,117,,95,,80,,59,,43,,36,
117,"47618",47618,0.500000,Transmission,MiniPAT,03-Apr-2019,15:56:15,2,3,,,,,240,14:00:00 03-Apr-2019,0,25.6,Dawn,600,16,48,,,0,,17052,60,,79,,102,,129,,145,,157,,161,,166,,171,
118,"47618",47618,0.500000,Transmission,MiniPAT,04-Apr-2019,04:13:45,2,2,,,,,240,10:00:00 04-Apr-2019,0,25.4,Dusk,600,16,48,,,0,,6912,165,,158,,146,,128,,104,,84,,64,,46,,36,
119,"47618",47618,0.500000,Transmission,MiniPAT,04-Apr-2019,15:50:00,2,2,,,,,112,10:00:00 04-Apr-2019,0,25.4,Dawn,600,16,80,,,0,,17799,49,,67,,87,,110,,132,,150,,161,,167,,173,
120,"47618",47618,0.500000,Transmission,MiniPAT,05-Apr-2019,04:11:15,2,6,,,,,112,10:00:00 05-Apr-2019,0,25.1,Dusk,600,16,16,,,0,,57251,166,,158,,147,,129,,106,,82,,62,,46,,37,
121,"47618",47618,0.500000,Transmission,MiniPAT,05-Apr-2019,15:42:30,2,6,,,,,208,10:00:00 05-Apr-2019,0,25.1,Dawn,600,16,48,,,0,,10405,43,,55,,70,,90,,110,,132,,150,,160,,165,
122,"47618",47618,0.500000,Transmission,MiniPAT,06-Apr-2019,04:12:30,2,8,,,,,208,14:00:00 06-Apr-2019,0,25.4,Dusk,600,16,16,,,0,,61516,169,,161,,147,,128,,104,,82,,63,,46,,39,
123,"47618",47618,0.500000,Transmission,MiniPAT,06-Apr-2019,15:48:45,2,8,,,,,152,14:00:00 06-Apr-2019,0,25.4,Dawn,600,16,80,,,0,,26051,45,,57,,75,,97,,122,,144,,157,,162,,167,
124,"47618",47618,0.500000,Transmission,MiniPAT,07-Apr-2019,04:22:30,2,6,,,,,152,10:00:00 07-Apr-2019,0,25.4,Dusk,450,16,16,,,0,,3208,160,,151,,139,,122,,104,,86,,70,,54,,44,
125,"47618",47618,0.500000,Transmission,MiniPAT,07-Apr-2019,15:50:00,2,6,,,,,88,10:00:00 07-Apr-2019,0,25.4,Dawn,600,16,48,,,0,,61077,45,,56,,74,,96,,121,,141,,153,,160,,164,
126,"47618",47618,0.500000,Transmission,MiniPAT,08-Apr-2019,04:11:15,2,8,,,,,88,14:00:00 08-Apr-2019,0,25.1,Dusk,600,16,16,,,0,,50649,162,,155,,144,,125,,102,,79,,60,,45,,37,
127,"47618",47618,0.500000,Transmission,MiniPAT,08-Apr-2019,15:56:15,3,8,,,,,200,14:00:00 08-Apr-2019,0,25.1,Dawn,600,16,48,,,0,,47610,48,,63,,83,,107,,130,,146,,156,,161,,165,
128,"47618",47618,0.500000,Transmission,MiniPAT,09-Apr-2019,04:06:15,3,6,,,,,200,09:00:00 09-Apr-2019,0,25.3,Dusk,600,16,16,,,0,,9153,166,,159,,149,,133,,110,,86,,65,,48,,38,
129,"47618",47618,0.500000,Transmission,MiniPAT,09-Apr-2019,15:47:30,3,6,,,,,136,09:00:00 09-Apr-2019,0,25.3,Dawn,600,16,48,,,0,,21441,43,,53,,69,,89,,114,,137,,152,,162,,168,
130,"47618",47618,0.500000,Transmission,MiniPAT,10-Apr-2019,04:18:45,3,5,,,,,136,09:00:00 10-Apr-2019,0,25.6,Dusk,450,16,48,,,0,,44029,154,,146,,133,,115,,95,,72,,59,,50,,41,
131,"47618",47618,0.500000,Transmission,MiniPAT,10-Apr-2019,15:58:45,3,5,,,,,72,09:00:00 10-Apr-2019,0,25.6,Dawn,450,16,48,,,0,,10777,51,,64,,79,,96,,113,,130,,144,,153,,157,
132,"47618",47618,0.500000,Transmission,MiniPAT,11-Apr-2019,03:56:15,3,7,,,,,72,09:00:00 11-Apr-2019,0,25.5,Dusk,600,16,16,,,0,,25791,156,,153,,146,,136,,122,,102,,80,,61,,49,
133,"47618",47618,0.500000,Transmission,MiniPAT,11-Apr-2019,16:10:00,3,7,,,,,112,09:00:00 11-Apr-2019,0,25.5,Dawn,450,16,48,,,0,,710,78,,95,,111,,127,,142,,153,,160,,165,,169,
134,"47618",47618,0.500000,Transmission,MiniPAT,12-Apr-2019,04:01:15,3,9,,,,,112,09:00:00 12-Apr-2019,0,25.5,Dusk,600,16,16,,,0,,14421,169,,164,,155,,141,,121,,100,,78,,62,,55,
135,"47618",47618,0.500000,Transmission,MiniPAT,12-Apr-2019,16:17:30,3,9,,,,,368,09:00:00 12-Apr-2019,0,25.5,Dawn,600,16,80,,,0,,59312,87,,112,,133,,150,,159,,164,,169,,173,,175,
136,"47618",47618,0.500000,Transmission,MiniPAT,13-Apr-2019,04:08:45,3,5,,,,,368,15:00:00 13-Apr-2019,0,25.6,Dusk,450,16,48,,,0,,46713,168,,161,,153,,141,,124,,107,,89,,74,,64,
137,"47618",47618,0.500000,Transmission,MiniPAT,13-Apr-2019,16:13:45,3,5,,,,,96,15:00:00 13-Apr-2019,0,25.6,Dawn,450,16,48,,,0,,40352,76,,94,,112,,130,,144,,154,,160,,165,,169,
138,"47618",47618,0.500000,Transmission,MiniPAT,14-Apr-2019,04:17:30,3,5,,,,,96,12:00:00 14-Apr-2019,0,25.9,Dusk,450,16,16,,,0,,15062,160,,152,,140,,123,,106,,89,,75,,67,,65,
139,"47618",47618,0.500000,Transmission,MiniPAT,14-Apr-2019,16:17:30,3,5,,,,,96,12:00:00 14-Apr-2019,0,25.9,Dawn,300,16,48,,,0,,55499,74,,86,,99,,110,,123,,135,,144,,150,,153,
140,"47618",47618,0.500000,Transmission,MiniPAT,15-Apr-2019,04:07:30,3,6,,,,,96,15:00:00 15-Apr-2019,0,25.7,Dusk,450,16,16,,,0,,7836,167,,161,,152,,141,,125,,108,,90,,76,,67,
141,"47618",47618,0.500000,Transmission,MiniPAT,15-Apr-2019,16:20:00,3,6,,,,,112,15:00:00 15-Apr-2019,0,25.7,Dawn,450,16,80,,,0,,44344,85,,102,,120,,135,,147,,156,,162,,166,,168,
142,"47618",47618,0.500000,Transmission,MiniPAT,16-Apr-2019,04:01:15,3,7,,,,,112,15:00:00 16-Apr-2019,0,25.5,Dusk,450,16,16,,,0,,55956,160,,158,,152,,145,,133,,116,,102,,82,,70,
143,"47618",47618,0.500000,Transmission,MiniPAT,16-Apr-2019,16:16:15,3,7,,,,,88,15:00:00 16-Apr-2019,0,25.5,Dawn,300,16,16,,,0,,14275,76,,90,,102,,110,,117,,129,,141,,149,,157,
144,"47618",47618,0.500000,Transmission,MiniPAT,17-Apr-2019,03:58:45,3,7,,,,,88,13:00:00 17-Apr-2019,1,25.1,Dusk,450,16,48,,,0,,31976,170,,164,,158,,149,,136,,118,,101,,85,,74,
145,"47618",47618,0.500000,Transmission,MiniPAT,17-Apr-2019,16:25:00,3,7,,,,,112,13:00:00 17-Apr-2019,1,25.1,Dawn,450,16,80,,,0,,63611,101,,119,,136,,149,,157,,163,,167,,169,,172,
146,"47618",47618,0.500000,Transmission,MiniPAT,18-Apr-2019,03:36:15,3,6,,,,,112,12:00:00 18-Apr-2019,1,24.3,Dusk,600,16,16,,,0,,62372,180,,175,,172,,163,,153,,138,,115,,91,,72,
147,"47618",47618,0.500000,Transmission,MiniPAT,18-Apr-2019,16:28:45,3,6,,,,,152,12:00:00 18-Apr-2019,1,24.3,Dawn,600,16,48,,,0,,63371,106,,131,,150,,161,,168,,175,,179,,180,,180,
148,"47618",47618,0.500000,Transmission,MiniPAT,19-Apr-2019,04:12:30,3,3,,,,,152,14:00:00 19-Apr-2019,1,24.4,Dusk,300,16,16,,,0,,39723,162,,156,,149,,140,,129,,117,,106,,95,,85,
149,"47618",47618,0.500000,Transmission,MiniPAT,19-Apr-2019,16:31:15,3,3,,,,,128,14:00:00 19-Apr-2019,1,24.4,Dawn,450,16,48,,,0,,33600,109,,127,,142,,153,,160,,163,,168,,172,,175,
150,"47618",47618,0.500000,Transmission,MiniPAT,20-Apr-2019,03:55:00,3,2,,,,,128,17:00:00 20-Apr-2019,1,25.1,Dusk,450,48,112,,,0,,34815,170,,166,,160,,152,,140,,123,,108,,93,,77,
151,"47618",47618,0.500000,Transmission,MiniPAT,20-Apr-2019,16:21:15,3,2,,,,,128,17:00:00 20-Apr-2019,1,25.1,Dawn,450,16,16,,,0,,33276,90,,105,,128,,143,,153,,159,,168,,177,,180,
152,"47618",47618,0.500000,Transmission,MiniPAT,21-Apr-2019,03:55:00,3,2,,,,,128,11:00:00 21-Apr-2019,22,25.2,Dusk,450,16,48,,,0,,45283,172,,162,,157,,148,,136,,123,,107,,91,,75,
153,"47618",47618,0.500000,Transmission,MiniPAT,21-Apr-2019,16:15:00,3,2,,,,,136,11:00:00 21-Apr-2019,22,25.2,Dawn,450,48,80,,,0,,11207,81,,94,,111,,128,,144,,155,,162,,168,,173,
154,"47618",47618,0.500000,Transmission,MiniPAT,22-Apr-2019,03:57:30,3,2,,,,,136,15:00:00 22-Apr-2019,1,24.9,Dusk,450,16,48,,,0,,64149,171,,166,,159,,151,,138,,121,,102,,86,,70,
155,"47618",47618,0.500000,Transmission,MiniPAT,22-Apr-2019,16:18:45,3,2,,,,,160,15:00:00 22-Apr-2019,1,24.9,Dawn,450,16,80,,,0,,1222,88,,103,,119,,136,,150,,160,,167,,172,,175,
156,"47618",47618,0.500000,Transmission,MiniPAT,23-Apr-2019,04:16:15,3,7,,,,,160,16:00:00 23-Apr-2019,1,25.1,Dusk,300,16,48,,,0,,31274,155,,148,,139,,129,,117,,105,,94,,83,,73,
157,"47618",47618,0.500000,Transmission,MiniPAT,23-Apr-2019,16:23:45,3,7,,,,,168,16:00:00 23-Apr-2019,1,25.1,Dawn,450,16,48,,,0,,41157,85,,98,,114,,135,,147,,154,,157,,161,,167,
158,"47618",47618,0.500000,Transmission,MiniPAT,24-Apr-2019,03:56:15,3,8,,,,,168,15:00:00 24-Apr-2019,1,25.1,Dusk,450,16,16,,,0,,37923,167,,162,,154,,147,,134,,117,,101,,87,,72,
159,"47618",47618,0.500000,Transmission,MiniPAT,24-Apr-2019,16:15:00,3,8,,,,,208,15:00:00 24-Apr-2019,1,25.1,Dawn,450,16,48,,,0,,20373,74,,88,,103,,121,,137,,151,,159,,166,,171,
160,"47618",47618,0.500000,Transmission,MiniPAT,25-Apr-2019,04:05:00,3,13,,,,,208,14:00:00 25-Apr-2019,1,25.4,Dusk,450,16,48,,,0,,28806,166,,160,,150,,136,,120,,103,,89,,74,,59,
161,"47618",47618,0.500000,Transmission,MiniPAT,25-Apr-2019,16:18:45,3,13,,,,,112,14:00:00 25-Apr-2019,1,25.4,Dawn,450,16,112,,,0,,15658,76,,89,,106,,122,,138,,151,,161,,166,,170,
162,"47618",47618,0.500000,Transmission,MiniPAT,26-Apr-2019,03:45:00,3,9,,,,,112,10:00:00 26-Apr-2019,1,24.5,Dusk,600,16,48,,,0,,56014,173,,169,,161,,152,,140,,119,,95,,75,,56,
163,"47618",47618,0.500000,Transmission,MiniPAT,26-Apr-2019,16:13:45,3,9,,,,,184,10:00:00 26-Apr-2019,1,24.5,Dawn,600,16,48,,,0,,33921,66,,82,,103,,126,,144,,158,,165,,170,,173,
164,"47618",47618,0.500000,Transmission,MiniPAT,27-Apr-2019,04:02:30,3,7,,,,,184,10:00:00 27-Apr-2019,1,24.4,Dusk,450,16,48,,,0,,19784,162,,160,,148,,136,,123,,107,,89,,75,,60,
165,"47618",47618,0.500000,Transmission,MiniPAT,27-Apr-2019,16:18:45,3,7,,,,,144,10:00:00 27-Apr-2019,1,24.4,Dawn,450,16,144,,,0,,23682,67,,78,,95,,113,,131,,145,,154,,161,,164,
166,"47618",47618,0.500000,Transmission,MiniPAT,28-Apr-2019,04:08:45,3,2,,,,,144,10:00:00 28-Apr-2019,1,24.0,Dusk,450,16,16,,,0,,8530,152,,145,,136,,122,,104,,86,,69,,55,,45,
167,"47618",47618,0.500000,Transmission,MiniPAT,28-Apr-2019,16:11:15,3,2,,,,,128,10:00:00 28-Apr-2019,1,24.0,Dawn,450,16,48,,,0,,3381,50,,58,,69,,88,,106,,123,,139,,148,,152,
168,"47618",47618,0.500000,Transmission,MiniPAT,29-Apr-2019,04:00:00,3,8,,,,,128,10:00:00 29-Apr-2019,1,23.8,Dusk,600,16,48,,,0,,56667,167,,160,,148,,131,,108,,84,,64,,53,,40,
169,"47618",47618,0.500000,Transmission,MiniPAT,29-Apr-2019,16:18:45,3,8,,,,,168,10:00:00 29-Apr-2019,1,23.8,Dawn,600,16,80,,,0,,3459,58,,78,,102,,127,,145,,154,,165,,171,,171,
170,"47618",47618,0.500000,Transmission,MiniPAT,30-Apr-2019,04:01:15,3,7,,,,,168,09:00:00 30-Apr-2019,1,23.8,Dusk,600,16,48,,,0,,34727,163,,156,,145,,126,,103,,81,,62,,47,,38,
171,"47618",47618,0.500000,Transmission,MiniPAT,30-Apr-2019,15:57:30,3,7,,,,,144,09:00:00 30-Apr-2019,1,23.8,Dawn,600,16,80,,,0,,24376,46,,48,,60,,78,,100,,123,,143,,155,,162,
172,"47618",47618,0.500000,Transmission,MiniPAT,01-May-2019,04:15:00,3,10,,,,,144,11:00:00 01-May-2019,1,24.8,Dusk,450,16,16,,,0,,47949,150,,139,,124,,109,,94,,79,,63,,50,,42,
173,"47618",47618,0.500000,Transmission,MiniPAT,01-May-2019,16:08:45,3,10,,,,,440,11:00:00 01-May-2019,1,24.8,Dawn,450,16,48,,,0,,40106,47,,59,,75,,90,,107,,123,,138,,150,,160,
174,"47618",47618,0.500000,Transmission,MiniPAT,02-May-2019,03:50:00,3,8,,,,,440,09:00:00 02-May-2019,0,25.0,Dusk,600,16,48,,,0,,11887,164,,155,,151,,135,,114,,86,,67,,50,,35,
175,"47618",47618,0.500000,Transmission,MiniPAT,02-May-2019,16:12:30,3,8,,,,,464,09:00:00 02-May-2019,0,25.0,Dawn,600,16,432,,,0,,13105,45,,62,,82,,105,,125,,139,,146,,159,,165,
176,"47618",47618,0.500000,Transmission,MiniPAT,03-May-2019,04:08:45,3,10,,,,,464,09:00:00 03-May-2019,1,25.3,Dusk,450,16,368,,,0,,47553,151,,141,,122,,98,,91,,74,,59,,47,,40,
177,"47618",47618,0.500000,Transmission,MiniPAT,03-May-2019,16:06:15,3,10,,,,,200,09:00:00 03-May-2019,1,25.3,Dawn,450,16,80,,,0,,43406,42,,52,,65,,80,,97,,114,,130,,143,,152,
178,"47618",47618,0.500000,Transmission,MiniPAT,04-May-2019,03:58:45,3,4,,,,,200,10:00:00 04-May-2019,0,25.4,Dusk,600,16,48,,,0,,53373,165,,158,,145,,126,,103,,81,,61,,45,,39,
179,"47618",47618,0.500000,Transmission,MiniPAT,04-May-2019,16:11:15,3,4,,,,,272,10:00:00 04-May-2019,0,25.4,Dawn,600,16,80,,,0,,9078,52,,67,,91,,112,,133,,150,,162,,167,,171,
180,"47618",47618,0.500000,Transmission,MiniPAT,05-May-2019,03:36:15,3,3,,,,,272,09:00:00 05-May-2019,0,25.4,Dusk,750,16,48,,,0,,64970,169,,166,,161,,149,,126,,95,,69,,48,,35,
181,"47618",47618,0.500000,Transmission,MiniPAT,05-May-2019,16:08:45,4,3,,,,,208,09:00:00 05-May-2019,0,25.4,Dawn,750,16,176,,,0,,15164,44,,64,,88,,116,,138,,146,,145,,171,,178,
182,"47618",47618,0.500000,Transmission,MiniPAT,06-May-2019,04:05:00,4,4,,,,,208,10:00:00 06-May-2019,0,25.6,Dusk,450,16,48,,,0,,46100,149,,138,,125,,112,,97,,79,,64,,51,,41,
183,"47618",47618,0.500000,Transmission,MiniPAT,06-May-2019,16:10:00,4,4,,,,,128,10:00:00 06-May-2019,0,25.6,Dawn,600,16,80,,,0,,43278,47,,62,,81,,102,,121,,137,,150,,160,,166,
184,"47618",47618,0.500000,Transmission,MiniPAT,07-May-2019,03:58:45,4,2,,,,,128,12:00:00 07-May-2019,1,25.1,Dusk,600,16,48,,,0,,37869,167,,159,,146,,127,,104,,82,,63,,47,,38,
185,"47618",47618,0.500000,Transmission,MiniPAT,07-May-2019,16:12:30,4,2,,,,,112,12:00:00 07-May-2019,1,25.1,Dawn,600,16,80,,,0,,32526,46,,63,,84,,106,,129,,147,,159,,166,,170,
186,"47618",47618,0.500000,Transmission,MiniPAT,08-May-2019,04:00:00,4,4,,,,,112,14:00:00 08-May-2019,1,24.3,Dusk,600,16,48,,,0,,59695,165,,156,,143,,123,,100,,79,,60,,46,,38,
187,"47618",47618,0.500000,Transmission,MiniPAT,08-May-2019,16:17:30,4,4,,,,,200,14:00:00 08-May-2019,1,24.3,Dawn,600,16,80,,,0,,38496,49,,65,,85,,108,,130,,148,,156,,163,,167,
188,"47618",47618,0.500000,Transmission,MiniPAT,09-May-2019,04:18:45,4,8,,,,,200,15:00:00 09-May-2019,0,24.3,Dusk,450,16,16,,,0,,25447,145,,131,,115,,99,,82,,68,,56,,48,,44,
189,"47618",47618,0.500000,Transmission,MiniPAT,09-May-2019,16:25:00,4,8,,,,,248,15:00:00 09-May-2019,0,24.3,Dawn,450,16,48,,,0,,43993,61,,75,,90,,106,,122,,135,,149,,158,,164,
190,"47618",47618,0.500000,Transmission,MiniPAT,10-May-2019,04:05:00,4,9,,,,,248,15:00:00 10-May-2019,1,24.3,Dusk,450,16,48,,,0,,54608,136,,129,,120,,108,,94,,76,,62,,51,,42,
191,"47618",47618,0.500000,Transmission,MiniPAT,10-May-2019,16:28:45,4,9,,,,,200,15:00:00 10-May-2019,1,24.3,Dawn,450,16,48,,,0,,15634,56,,71,,86,,104,,120,,134,,145,,152,,159,
192,"47618",47618,0.500000,Transmission,MiniPAT,11-May-2019,03:56:15,4,10,,,,,200,09:00:00 11-May-2019,1,24.2,Dusk,450,16,16,,,0,,29387,138,,130,,122,,113,,101,,82,,70,,54,,43,
193,"47618",47618,0.500000,Transmission,MiniPAT,11-May-2019,16:30:00,4,10,,,,,176,09:00:00 11-May-2019,1,24.2,Dawn,300,16,48,,,0,,35881,54,,62,,68,,78,,91,,102,,112,,124,,137,
194,"47618",47618,0.500000,Transmission,MiniPAT,12-May-2019,04:05:00,4,11,,,,,176,11:00:00 12-May-2019,0,24.3,Dusk,300,16,16,,,0,,40307,134,,129,,123,,115,,100,,87,,80,,75,,67,
195,"47618",47618,0.500000,Transmission,MiniPAT,12-May-2019,16:42:30,4,11,,,,,328,11:00:00 12-May-2019,0,24.3,Dawn,300,16,48,,,0,,40899,73,,82,,91,,101,,110,,122,,133,,143,,150,
196,"47618",47618,0.500000,Transmission,MiniPAT,13-May-2019,04:05:00,4,9,,,,,328,16:00:00 13-May-2019,1,23.8,Dusk,450,16,16,,,0,,56561,164,,158,,149,,137,,121,,104,,89,,74,,65,
197,"47618",47618,0.500000,Transmission,MiniPAT,13-May-2019,16:43:45,4,9,,,,,240,16:00:00 13-May-2019,1,23.8,Dawn,450,16,48,,,0,,16932,81,,96,,113,,129,,142,,154,,162,,167,,171,
198,"47618",47618,0.500000,Transmission,MiniPAT,14-May-2019,03:53:45,4,4,,,,,240,16:00:00 14-May-2019,0,24.1,Dusk,600,16,16,,,0,,24763,167,,163,,153,,140,,119,,97,,78,,68,,60,
199,"47618",47618,0.500000,Transmission,MiniPAT,14-May-2019,16:38:45,4,4,,,,,168,16:00:00 14-May-2019,0,24.1,Dawn,450,16,48,,,0,,54501,71,,86,,102,,119,,134,,146,,155,,160,,165,
200,"47618",47618,0.500000,Transmission,MiniPAT,15-May-2019,03:51:15,4,6,,,,,168,15:00:00 15-May-2019,1,24.0,Dusk,450,16,16,,,0,,12695,151,,147,,144,,142,,130,,112,,96,,80,,69,
201,"47618",47618,0.500000,Transmission,MiniPAT,15-May-2019,16:47:30,4,6,,,,,192,15:00:00 15-May-2019,1,24.0,Dawn,300,48,80,,,0,,60888,77,,88,,100,,111,,122,,132,,140,,147,,152,
202,"47618",47618,0.500000,Transmission,MiniPAT,16-May-2019,03:41:15,4,8,,,,,192,16:00:00 16-May-2019,1,23.9,Dusk,600,16,80,,,0,,22992,170,,165,,156,,149,,138,,119,,98,,79,,68,
203,"47618",47618,0.500000,Transmission,MiniPAT,16-May-2019,16:47:30,4,8,,,,,744,16:00:00 16-May-2019,1,23.9,Dawn,450,16,112,,,0,,44813,86,,102,,117,,134,,148,,156,,163,,167,,172,
204,"47618",47618,0.500000,Transmission,MiniPAT,17-May-2019,03:56:15,4,10,,,,,744,15:00:00 17-May-2019,2,24.0,Dusk,450,16,16,,,0,,4695,169,,164,,158,,149,,135,,118,,102,,88,,78,
205,"47618",47618,0.500000,Transmission,MiniPAT,17-May-2019,16:51:15,4,10,,,,,200,15:00:00 17-May-2019,2,24.0,Dawn,450,16,48,,,0,,64611,94,,111,,128,,142,,154,,162,,168,,171,,174,
206,"47618",47618,0.500000,Transmission,MiniPAT,18-May-2019,04:05:00,4,10,,,,,200,13:00:00 18-May-2019,1,23.9,Dusk,300,16,16,,,0,,11677,161,,155,,150,,141,,132,,123,,110,,95,,84,
207,"47618",47618,0.500000,Transmission,MiniPAT,18-May-2019,16:56:15,4,10,,,,,96,13:00:00 18-May-2019,1,23.9,Dawn,450,16,48,,,0,,35201,103,,121,,137,,149,,158,,163,,168,,171,,174,
208,"47618",47618,0.500000,Transmission,MiniPAT,19-May-2019,03:51:15,4,10,,,,,96,16:00:00 19-May-2019,3,23.9,Dusk,450,16,48,,,0,,34287,161,,156,,149,,143,,132,,117,,101,,84,,72,
209,"47618",47618,0.500000,Transmission,MiniPAT,19-May-2019,16:50:00,4,10,,,,,,16:00:00 19-May-2019,3,23.9,Dawn,450,16,48,,,0,,52360,88,,103,,118,,133,,146,,154,,158,,162,,165,
210,"47618",47618,0.500000,Transmission,MiniPAT,20-May-2019,03:57:30,4,8,,,,,72,12:00:00 20-May-2019,1,23.7,Dusk,450,16,48,,,0,,37779,165,,160,,153,,142,,127,,111,,95,,80,,66,
211,"47618",47618,0.500000,Transmission,MiniPAT,20-May-2019,16:47:30,4,8,,,,,248,12:00:00 20-May-2019,1,23.7,Dawn,450,16,48,,,0,,34663,85,,98,,114,,131,,145,,154,,161,,166,,170,
212,"47618",47618,0.500000,Transmission,MiniPAT,21-May-2019,03:58:45,4,3,,,,,248,15:00:00 21-May-2019,1,23.5,Dusk,450,16,16,,,0,,40745,163,,157,,149,,137,,122,,106,,90,,75,,62,
213,"47618",47618,0.500000,Transmission,MiniPAT,21-May-2019,16:47:30,4,3,,,,,,15:00:00 21-May-2019,1,23.5,Dawn,450,16,48,,,0,,31860,82,,95,,112,,128,,142,,153,,159,,165,,167,
214,"47618",47618,0.500000,Transmission,MiniPAT,22-May-2019,03:55:00,4,3,,,,,,16:00:00 22-May-2019,1,23.1,Dusk,450,16,112,,,0,,36886,162,,158,,152,,143,,129,,112,,94,,77,,64,
215,"47618",47618,0.500000,Transmission,MiniPAT,22-May-2019,16:42:30,4,3,,,,,424,16:00:00 22-May-2019,1,23.1,Dawn,450,16,48,,,0,,28102,77,,88,,102,,119,,134,,147,,157,,163,,169,
216,"47618",47618,0.500000,Transmission,MiniPAT,23-May-2019,04:00:00,4,3,,,,,424,14:00:00 23-May-2019,2,23.1,Dusk,450,16,48,,,0,,48638,162,,156,,148,,137,,120,,104,,87,,73,,60,
217,"47618",47618,0.500000,Transmission,MiniPAT,23-May-2019,16:40:00,4,3,,,,,240,14:00:00 23-May-2019,2,23.1,Dawn,450,16,48,,,0,,30687,71,,80,,94,,110,,126,,140,,151,,158,,165,
218,"47618",47618,0.500000,Transmission,MiniPAT,24-May-2019,03:58:45,4,5,,,,,240,16:00:00 24-May-2019,1,23.7,Dusk,450,16,48,,,0,,33951,159,,153,,146,,135,,119,,102,,84,,69,,57,
219,"47618",47618,0.500000,Transmission,MiniPAT,24-May-2019,16:41:15,4,5,,,,,192,16:00:00 24-May-2019,1,23.7,Dawn,450,16,48,,,0,,33720,61,,71,,83,,99,,118,,135,,147,,153,,158,
220,"47618",47618,0.500000,Transmission,MiniPAT,25-May-2019,03:48:45,4,5,,,,,192,16:00:00 25-May-2019,1,23.4,Dusk,600,16,48,,,0,,51336,169,,164,,156,,144,,125,,103,,85,,65,,50,
221,"47618",47618,0.500000,Transmission,MiniPAT,25-May-2019,16:41:15,4,5,,,,,88,16:00:00 25-May-2019,1,23.4,Dawn,600,16,16,,,0,,16805,71,,86,,104,,126,,145,,157,,166,,172,,176,
222,"47618",47618,0.500000,Transmission,MiniPAT,26-May-2019,03:47:30,4,12,,,,,88,14:00:00 26-May-2019,1,23.2,Dusk,600,16,16,,,0,,11357,170,,164,,156,,146,,128,,105,,83,,65,,48,
223,"47618",47618,0.500000,Transmission,MiniPAT,26-May-2019,16:46:15,4,12,,,,,120,14:00:00 26-May-2019,1,23.2,Dawn,600,16,48,,,0,,32987,70,,85,,109,,131,,147,,157,,164,,169,,172,
224,"47618",47618,0.500000,Transmission,MiniPAT,27-May-2019,03:55:00,4,12,,,,,120,10:00:00 27-May-2019,1,23.1,Dusk,600,16,48,,,0,,31185,170,,163,,153,,136,,116,,91,,74,,57,,44,
225,"47618",47618,0.500000,Transmission,MiniPAT,27-May-2019,16:42:30,4,12,,,,,216,10:00:00 27-May-2019,1,23.1,Dawn,450,16,16,,,0,,6742,56,,69,,84,,98,,115,,132,,146,,156,,163,
226,"47618",47618,0.500000,Transmission,MiniPAT,28-May-2019,03:55:00,4,12,,,,,216,11:00:00 28-May-2019,1,22.9,Dusk,600,16,48,,,0,,55882,167,,161,,151,,136,,115,,93,,72,,55,,43,
227,"47618",47618,0.500000,Transmission,MiniPAT,28-May-2019,16:32:30,4,12,,,,,280,11:00:00 28-May-2019,1,22.9,Dawn,600,16,48,,,0,,18420,52,,62,,78,,98,,119,,138,,153,,162,,168,
228,"47618",47618,0.500000,Transmission,MiniPAT,29-May-2019,03:36:15,4,6,,,,,280,09:00:00 29-May-2019,1,23.1,Dusk,750,16,48,,,0,,12154,171,,167,,161,,148,,128,,98,,74,,53,,40,
229,"47618",47618,0.500000,Transmission,MiniPAT,29-May-2019,16:30:00,4,6,,,,,240,09:00:00 29-May-2019,1,23.1,Dawn,750,48,80,,,0,,58422,48,,59,,80,,107,,133,,152,,160,,167,,172,
230,"47618",47618,0.500000,Transmission,MiniPAT,30-May-2019,03:42:30,4,7,,,,,240,09:00:00 30-May-2019,1,23.0,Dusk,750,16,80,,,0,,41665,169,,159,,142,,130,,107,,81,,60,,44,,35,
231,"47618",47618,0.500000,Transmission,MiniPAT,30-May-2019,16:38:45,4,7,,,,,152,09:00:00 30-May-2019,1,23.0,Dawn,900,16,144,,,0,,15423,48,,70,,98,,132,,148,,156,,162,,168,,170,
232,"47618",47618,0.500000,Transmission,MiniPAT,31-May-2019,04:00:00,4,5,,,,,152,13:00:00 31-May-2019,1,23.5,Dusk,600,16,80,,,0,,7899,167,,158,,142,,123,,101,,81,,62,,45,,40,
233,"47618",47618,0.500000,Transmission,MiniPAT,31-May-2019,16:28:45,4,5,,,,,160,13:00:00 31-May-2019,1,23.5,Dawn,600,16,144,,,0,,36657,47,,62,,81,,101,,123,,142,,155,,164,,170,
234,"47618",47618,0.500000,Transmission,MiniPAT,01-Jun-2019,03:55:00,5,6,,,,,160,09:00:00 01-Jun-2019,1,23.6,Dusk,600,16,48,,,0,,61170,163,,156,,144,,126,,106,,88,,67,,53,,42,
235,"47618",47618,0.500000,Transmission,MiniPAT,01-Jun-2019,16:27:30,5,6,,,,,104,09:00:00 01-Jun-2019,1,23.6,Dawn,600,16,48,,,0,,63720,45,,61,,82,,100,,120,,140,,153,,161,,167,
236,"47618",47618,0.500000,Transmission,MiniPAT,02-Jun-2019,03:58:45,5,6,,,,,104,14:00:00 02-Jun-2019,1,23.5,Dusk,600,16,48,,,0,,17885,164,,155,,141,,121,,98,,77,,61,,52,,38,
237,"47618",47618,0.500000,Transmission,MiniPAT,02-Jun-2019,16:28:45,5,6,,,,,58,14:00:00 02-Jun-2019,1,23.5,Dawn,600,16,48,,,0,,26955,46,,62,,82,,99,,123,,143,,156,,164,,169,
238,"47618",47618,0.500000,Transmission,MiniPAT,03-Jun-2019,03:53:45,5,9,,,,,58,16:00:00 03-Jun-2019,1,24.7,Dusk,600,16,48,,,0,,37790,167,,159,,148,,131,,110,,87,,66,,51,,40,
239,"47618",47618,0.500000,Transmission,MiniPAT,03-Jun-2019,16:37:30,5,9,,,,,104,16:00:00 03-Jun-2019,1,24.7,Dawn,750,16,48,,,0,,46845,59,,84,,107,,136,,150,,159,,168,,170,,170,
240,"47618",47618,0.500000,Transmission,MiniPAT,04-Jun-2019,03:52:30,5,5,,,,,104,16:00:00 04-Jun-2019,1,24.4,Dusk,600,16,48,,,0,,23194,166,,158,,149,,133,,112,,91,,72,,52,,41,
241,"47618",47618,0.500000,Transmission,MiniPAT,04-Jun-2019,16:36:15,5,5,,,,,512,16:00:00 04-Jun-2019,1,24.4,Dawn,600,16,80,,,0,,59979,50,,69,,92,,116,,137,,150,,159,,166,,169,
242,"47618",47618,0.500000,Transmission,MiniPAT,05-Jun-2019,03:51:15,5,7,,,,,512,15:00:00 05-Jun-2019,1,24.3,Dusk,600,48,112,,,0,,50256,164,,157,,147,,132,,111,,90,,69,,53,,44,
243,"47618",47618,0.500000,Transmission,MiniPAT,05-Jun-2019,16:28:45,5,7,,,,,304,15:00:00 05-Jun-2019,1,24.3,Dawn,600,16,304,,,0,,53402,45,,60,,79,,103,,123,,141,,151,,148,,166,
244,"47618",47618,0.500000,Transmission,MiniPAT,06-Jun-2019,03:57:30,5,7,,,,,240,09:00:00 06-Jun-2019,1,24.7,Dusk,600,16,80,,,0,,35441,163,,155,,143,,124,,103,,82,,62,,50,,43,
245,"47618",47618,0.500000,Transmission,MiniPAT,06-Jun-2019,16:37:30,5,7,,,,,120,09:00:00 06-Jun-2019,1,24.7,Dawn,600,16,80,,,0,,36362,60,,79,,99,,122,,141,,154,,164,,170,,174,
246,"47618",47618,0.500000,Transmission,MiniPAT,07-Jun-2019,03:58:45,5,10,,,,,120,12:00:00 07-Jun-2019,1,24.9,Dusk,600,16,48,,,0,,54038,163,,156,,143,,124,,103,,83,,63,,49,,43,
247,"47618",47618,0.500000,Transmission,MiniPAT,07-Jun-2019,16:28:45,5,10,,,,,192,12:00:00 07-Jun-2019,1,24.9,Dawn,450,16,48,,,0,,31263,48,,60,,74,,88,,104,,121,,136,,149,,157,
248,"47618",47618,0.500000,Transmission,MiniPAT,08-Jun-2019,04:03:45,5,5,,,,,192,15:00:00 08-Jun-2019,1,25.4,Dusk,450,16,48,,,0,,53711,157,,151,,143,,130,,114,,96,,80,,65,,54,
249,"47618",47618,0.500000,Transmission,MiniPAT,08-Jun-2019,16:48:45,5,5,,,,,176,15:00:00 08-Jun-2019,1,25.4,Dawn,600,16,80,,,0,,45707,70,,90,,112,,134,,147,,153,,163,,168,,172,
250,"47618",47618,0.500000,Transmission,MiniPAT,09-Jun-2019,04:08:45,5,6,,,,,176,13:00:00 09-Jun-2019,1,25.5,Dusk,450,16,16,,,0,,38377,156,,151,,139,,125,,106,,91,,76,,64,,56,
251,"47618",47618,0.500000,Transmission,MiniPAT,09-Jun-2019,16:56:15,5,6,,,,,256,13:00:00 09-Jun-2019,1,25.5,Dawn,450,16,80,,,0,,54868,83,,101,,118,,133,,146,,153,,157,,162,,167,
252,"47618",47618,0.500000,Transmission,MiniPAT,10-Jun-2019,04:08:45,5,10,,,,,256,10:00:00 10-Jun-2019,1,25.1,Dusk,450,16,48,,,0,,20139,162,,156,,145,,132,,116,,97,,81,,69,,62,
253,"47618",47618,0.500000,Transmission,MiniPAT,10-Jun-2019,16:55:00,5,10,,,,,244,10:00:00 10-Jun-2019,1,25.1,Dawn,450,16,176,,,0,,41198,85,,101,,117,,134,,148,,159,,164,,168,,172,
254,"47618",47618,0.500000,Transmission,MiniPAT,11-Jun-2019,04:22:30,5,8,,,,,244,14:00:00 11-Jun-2019,0,25.1,Dusk,300,16,80,,,0,,40311,145,,138,,128,,119,,109,,99,,88,,78,,69,
255,"47618",47618,0.500000,Transmission,MiniPAT,11-Jun-2019,16:53:45,5,8,,,,,144,14:00:00 11-Jun-2019,0,25.1,Dawn,300,16,80,,,0,,51531,72,,84,,95,,107,,119,,128,,137,,143,,148,
256,"47618",47618,0.500000,Transmission,MiniPAT,12-Jun-2019,04:05:00,5,9,,,,,144,13:00:00 12-Jun-2019,1,26.1,Dusk,450,16,80,,,0,,61469,161,,156,,150,,140,,127,,110,,92,,77,,69,
257,"47618",47618,0.500000,Transmission,MiniPAT,12-Jun-2019,16:55:00,5,9,,,,,328,13:00:00 12-Jun-2019,1,26.1,Dawn,450,48,112,,,0,,13375,81,,97,,113,,129,,143,,152,,159,,165,,167,
258,"47618",47618,0.500000,Transmission,MiniPAT,13-Jun-2019,04:20:00,5,8,,,,,328,13:00:00 13-Jun-2019,2,26.0,Dusk,300,16,80,,,0,,51622,147,,144,,135,,125,,114,,101,,89,,79,,71,
259,"47618",47618,0.500000,Transmission,MiniPAT,13-Jun-2019,16:57:30,5,8,,,,,136,13:00:00 13-Jun-2019,2,26.0,Dawn,300,16,80,,,0,,43523,83,,94,,105,,117,,128,,137,,142,,148,,152,
260,"47618",47618,0.500000,Transmission,MiniPAT,14-Jun-2019,03:37:30,5,10,,,,,136,16:00:00 14-Jun-2019,2,26.0,Dusk,600,16,48,,,0,,14133,166,,159,,153,,148,,141,,131,,115,,90,,69,
261,"47618",47618,0.500000,Transmission,MiniPAT,14-Jun-2019,17:01:15,5,10,,,,,240,16:00:00 14-Jun-2019,2,26.0,Dawn,450,16,80,,,0,,20260,91,,108,,128,,143,,154,,161,,167,,170,,173,
262,"47618",47618,0.500000,Transmission,MiniPAT,15-Jun-2019,04:08:45,5,6,,,,,240,15:00:00 15-Jun-2019,1,26.0,Dusk,450,16,48,,,0,,25915,167,,161,,153,,142,,126,,110,,98,,86,,76,
263,"47618",47618,0.500000,Transmission,MiniPAT,15-Jun-2019,17:02:30,5,6,,,,,120,15:00:00 15-Jun-2019,1,26.0,Dawn,450,16,80,,,0,,32554,100,,117,,133,,148,,159,,166,,171,,175,,178,
264,"47618",47618,0.500000,Transmission,MiniPAT,16-Jun-2019,04:07:30,5,9,,,,,120,10:00:00 16-Jun-2019,2,26.0,Dusk,450,16,80,,,0,,3402,165,,160,,151,,141,,128,,113,,98,,84,,73,
265,"47618",47618,0.500000,Transmission,MiniPAT,16-Jun-2019,17:05:00,5,9,,,,,128,10:00:00 16-Jun-2019,2,26.0,Dawn,450,16,112,,,0,,4631,100,,117,,133,,144,,154,,159,,162,,164,,166,
266,"47618",47618,0.500000,Transmission,MiniPAT,17-Jun-2019,04:02:30,5,7,,,,,128,13:00:00 17-Jun-2019,1,25.9,Dusk,450,16,80,,,0,,4842,174,,171,,164,,155,,143,,127,,109,,91,,78,
267,"47618",47618,0.500000,Transmission,MiniPAT,17-Jun-2019,16:58:45,5,7,,,,,176,13:00:00 17-Jun-2019,1,25.9,Dawn,450,16,80,,,0,,54865,92,,107,,123,,140,,154,,161,,169,,173,,175,
268,"47618",47618,0.500000,Transmission,MiniPAT,18-Jun-2019,03:51:15,5,6,,,,,176,16:00:00 18-Jun-2019,2,25.9,Dusk,600,16,112,,,0,,13810,173,,171,,166,,156,,142,,121,,99,,79,,60,
269,"47618",47618,0.500000,Transmission,MiniPAT,18-Jun-2019,17:01:15,5,6,,,,,456,16:00:00 18-Jun-2019,2,25.9,Dawn,600,16,112,,,0,,1676,94,,116,,136,,152,,158,,166,,173,,174,,177,
270,"47618",47618,0.500000,Transmission,MiniPAT,19-Jun-2019,04:12:30,5,10,,,,,456,15:00:00 19-Jun-2019,2,25.9,Dusk,450,16,80,,,0,,42441,167,,160,,149,,137,,121,,105,,89,,74,,60,
271,"47618",47618,0.500000,Transmission,MiniPAT,19-Jun-2019,17:03:45,5,10,,,,,160,15:00:00 19-Jun-2019,2,25.9,Dawn,450,16,80,,,0,,38414,93,,110,,126,,142,,153,,158,,163,,168,,174,
272,"47618",47618,0.500000,Transmission,MiniPAT,20-Jun-2019,03:45:00,5,7,,,,,160,13:00:00 20-Jun-2019,1,25.8,Dusk,600,16,48,,,0,,14952,170,,162,,156,,150,,143,,126,,100,,75,,60,
273,"47618",47618,0.500000,Transmission,MiniPAT,20-Jun-2019,16:53:45,5,7,,,,,704,13:00:00 20-Jun-2019,1,25.8,Dawn,450,16,80,,,0,,61547,81,,96,,111,,129,,146,,157,,165,,170,,174,
274,"47618",47618,0.500000,Transmission,MiniPAT,21-Jun-2019,03:55:00,5,7,,,,,704,16:00:00 21-Jun-2019,1,25.8,Dusk,600,16,80,,,0,,64516,171,,165,,149,,141,,131,,113,,91,,71,,46,
275,"47618",47618,0.500000,Transmission,MiniPAT,21-Jun-2019,16:50:00,5,7,,,,,136,16:00:00 21-Jun-2019,1,25.8,Dawn,450,16,80,,,0,,9123,72,,85,,100,,116,,132,,146,,157,,163,,167,
276,"47618",47618,0.500000,Transmission,MiniPAT,22-Jun-2019,04:11:15,5,6,,,,,136,10:00:00 22-Jun-2019,1,25.6,Dusk,450,16,80,,,0,,13840,167,,162,,154,,143,,128,,112,,96,,80,,66,
277,"47618",47618,0.500000,Transmission,MiniPAT,22-Jun-2019,16:50:00,5,6,,,,,168,10:00:00 22-Jun-2019,1,25.6,Dawn,450,16,80,,,0,,17431,73,,86,,101,,115,,132,,145,,157,,165,,170,
278,"47618",47618,0.500000,Transmission,MiniPAT,23-Jun-2019,04:02:30,5,7,,,,,168,16:00:00 23-Jun-2019,2,25.4,Dusk,600,16,48,,,0,,14306,169,,165,,158,,146,,128,,105,,86,,66,,51,
279,"47618",47618,0.500000,Transmission,MiniPAT,23-Jun-2019,16:52:30,5,7,,,,,,16:00:00 23-Jun-2019,2,25.4,Dawn,600,16,80,,,0,,54434,75,,90,,110,,132,,152,,165,,172,,177,,180,
280,"47618",47618,0.500000,Transmission,MiniPAT,24-Jun-2019,04:15:00,5,8,,,,,,12:00:00 24-Jun-2019,1,25.6,Dusk,450,16,48,,,0,,31539,167,,162,,154,,142,,126,,110,,93,,78,,64,
281,"47618",47618,0.500000,Transmission,MiniPAT,24-Jun-2019,16:52:30,5,8,,,,,168,12:00:00 24-Jun-2019,1,25.6,Dawn,600,16,48,,,0,,13693,72,,90,,111,,132,,150,,161,,168,,174,,177,
282,"47618",47618,0.500000,Transmission,MiniPAT,25-Jun-2019,04:01:15,5,9,,,,,168,16:00:00 25-Jun-2019,1,25.5,Dusk,600,16,112,,,0,,12763,170,,166,,159,,148,,132,,109,,83,,68,,52,
283,"47618",47618,0.500000,Transmission,MiniPAT,25-Jun-2019,16:46:15,5,9,,,,,200,16:00:00 25-Jun-2019,1,25.5,Dawn,750,16,80,,,0,,32721,59,,79,,102,,127,,145,,163,,169,,175,,174,
284,"47618",47618,0.500000,Transmission,MiniPAT,26-Jun-2019,03:46:15,5,6,,,,,200,10:00:00 26-Jun-2019,1,25.5,Dusk,750,16,112,,,0,,28668,179,,169,,164,,157,,144,,119,,90,,64,,45,
285,"47618",47618,0.500000,Transmission,MiniPAT,26-Jun-2019,16:52:30,5,6,,,,,160,10:00:00 26-Jun-2019,1,25.5,Dawn,750,16,80,,,0,,53574,60,,79,,108,,136,,155,,164,,168,,175,,178,
286,"47618",47618,0.500000,Transmission,MiniPAT,27-Jun-2019,04:15:00,5,10,,,,,160,15:00:00 27-Jun-2019,2,25.9,Dusk,600,16,144,,,0,,63186,168,,161,,152,,134,,115,,91,,71,,53,,41,
287,"47618",47618,0.500000,Transmission,MiniPAT,27-Jun-2019,16:42:30,5,10,,,,,240,15:00:00 27-Jun-2019,2,25.9,Dawn,600,16,48,,,0,,6310,50,,62,,81,,102,,124,,142,,154,,162,,168,
288,"47618",47618,0.500000,Transmission,MiniPAT,28-Jun-2019,04:00:00,6,5,,,,,240,11:00:00 28-Jun-2019,1,25.9,Dusk,750,16,80,,,0,,24875,175,,169,,159,,142,,122,,95,,71,,52,,46,
289,"47618",47618,0.500000,Transmission,MiniPAT,28-Jun-2019,16:53:45,6,5,,,,,136,11:00:00 28-Jun-2019,1,25.9,Dawn,750,16,80,,,0,,16868,63,,85,,112,,140,,154,,165,,172,,178,,182,
290,"47618",47618,0.500000,Transmission,MiniPAT,29-Jun-2019,04:01:15,6,4,,,,,136,11:00:00 29-Jun-2019,2,25.9,Dusk,750,16,80,,,0,,36425,169,,163,,156,,143,,118,,89,,64,,47,,35,
291,"47618",47618,0.500000,Transmission,MiniPAT,29-Jun-2019,16:50:00,6,4,,,,,256,11:00:00 29-Jun-2019,2,25.9,Dawn,750,16,80,,,0,,51774,51,,71,,101,,128,,148,,159,,164,,172,,169,
292,"47618",47618,0.500000,Transmission,MiniPAT,30-Jun-2019,03:52:30,6,3,,,,,256,10:00:00 30-Jun-2019,1,26.2,Dusk,900,48,80,,,0,,58149,173,,169,,159,,147,,121,,86,,60,,46,,39,
293,"47618",47618,0.500000,Transmission,MiniPAT,30-Jun-2019,16:52:30,6,3,,,,,232,10:00:00 30-Jun-2019,1,26.2,Dawn,900,16,176,,,0,,39520,59,,88,,124,,152,,164,,168,,167,,176,,183,
294,"47618",47618,0.500000,Transmission,MiniPAT,01-Jul-2019,04:27:30,6,6,,,,,232,10:00:00 01-Jul-2019,1,26.2,Dusk,450,16,112,,,0,,7640,160,,155,,146,,132,,115,,94,,78,,66,,54,
295,"47618",47618,0.500000,Transmission,MiniPAT,01-Jul-2019,16:57:30,6,6,,,,,208,10:00:00 01-Jul-2019,1,26.2,Dawn,600,16,144,,,0,,42083,68,,89,,111,,133,,148,,151,,165,,169,,165,
296,"47618",47618,0.500000,Transmission,MiniPAT,02-Jul-2019,04:31:15,6,8,,,,,208,13:00:00 02-Jul-2019,1,26.1,Dusk,450,16,80,,,0,,42490,163,,155,,144,,129,,112,,95,,79,,67,,59,
297,"47618",47618,0.500000,Transmission,MiniPAT,02-Jul-2019,17:01:15,6,8,,,,,136,13:00:00 02-Jul-2019,1,26.1,Dawn,450,16,48,,,0,,28786,69,,88,,106,,123,,137,,150,,156,,160,,164,
298,"47618",47618,0.500000,Transmission,MiniPAT,03-Jul-2019,04:27:30,6,9,,,,,136,15:00:00 03-Jul-2019,1,26.0,Dusk,450,16,80,,,0,,59109,160,,154,,146,,134,,119,,101,,83,,68,,55,
299,"47618",47618,0.500000,Transmission,MiniPAT,03-Jul-2019,16:53:45,6,9,,,,,208,15:00:00 03-Jul-2019,1,26.0,Dawn,450,16,48,,,0,,57624,62,,77,,91,,105,,123,,140,,152,,159,,162,
300,"47618",47618,0.500000,Transmission,MiniPAT,04-Jul-2019,04:17:30,6,9,,,,,208,16:00:00 04-Jul-2019,6,25.9,Dusk,600,16,48,,,0,,11568,168,,162,,154,,140,,120,,99,,78,,59,,48,
301,"47618",47618,0.500000,Transmission,MiniPAT,04-Jul-2019,17:02:30,6,9,,,,,192,16:00:00 04-Jul-2019,6,25.9,Dawn,600,16,80,,,0,,26943,75,,100,,122,,142,,152,,162,,169,,173,,176,
302,"47618",47618,0.500000,Transmission,MiniPAT,05-Jul-2019,04:07:30,6,10,,,,,192,13:00:00 05-Jul-2019,3,25.9,Dusk,750,16,112,,,0,,42989,174,,169,,161,,147,,122,,94,,69,,51,,47,
303,"47618",47618,0.500000,Transmission,MiniPAT,05-Jul-2019,16:46:15,6,10,,,,,184,13:00:00 05-Jul-2019,3,25.9,Dawn,600,16,48,,,0,,18352,49,,67,,86,,109,,133,,151,,161,,168,,172,
304,"47618",47618,0.500000,Transmission,MiniPAT,06-Jul-2019,04:25:00,6,7,,,,,184,18:00:00 06-Jul-2019,5,25.8,Dusk,600,16,112,,,0,,11954,167,,160,,149,,131,,107,,85,,69,,61,,47,
305,"47618",47618,0.500000,Transmission,MiniPAT,06-Jul-2019,16:50:00,6,7,,,,,368,18:00:00 06-Jul-2019,5,25.8,Dawn,450,16,48,,,0,,42628,57,,71,,86,,103,,120,,136,,149,,159,,166,
306,"47618",47618,0.500000,Transmission,MiniPAT,07-Jul-2019,04:32:30,6,9,,,,,368,16:00:00 07-Jul-2019,2,25.8,Dusk,450,16,48,,,0,,50464,154,,148,,137,,124,,109,,91,,73,,59,,51,
307,"47618",47618,0.500000,Transmission,MiniPAT,07-Jul-2019,17:01:15,6,9,,,,,128,16:00:00 07-Jul-2019,2,25.8,Dawn,450,16,48,,,0,,17387,71,,87,,105,,120,,134,,145,,153,,155,,161,
308,"47618",47618,0.500000,Transmission,MiniPAT,08-Jul-2019,04:27:30,6,5,,,,,128,16:00:00 08-Jul-2019,6,25.9,Dusk,450,16,80,,,0,,48597,164,,158,,150,,138,,122,,105,,87,,72,,61,
309,"47618",47618,0.500000,Transmission,MiniPAT,08-Jul-2019,16:57:30,6,5,,,,,144,16:00:00 08-Jul-2019,6,25.9,Dawn,450,16,80,,,0,,58624,68,,82,,99,,116,,132,,146,,155,,162,,167,
310,"47618",47618,0.500000,Transmission,MiniPAT,09-Jul-2019,04:30:00,6,7,,,,,144,18:00:00 09-Jul-2019,1,26.0,Dusk,450,16,112,,,0,,12236,160,,154,,144,,130,,116,,101,,85,,72,,64,
311,"47618",47618,0.500000,Transmission,MiniPAT,09-Jul-2019,17:05:00,6,7,,,,,504,18:00:00 09-Jul-2019,1,26.0,Dawn,450,16,80,,,0,,23068,78,,95,,114,,131,,144,,153,,161,,167,,171,
312,"47618",47618,0.500000,Transmission,MiniPAT,10-Jul-2019,04:21:15,6,3,,,,,504,11:00:00 10-Jul-2019,1,26.0,Dusk,450,16,48,,,0,,36141,163,,158,,153,,145,,133,,118,,101,,86,,74,
313,"47618",47618,0.500000,Transmission,MiniPAT,10-Jul-2019,17:13:45,6,3,Argos-3,08:52:18 11-Jul-2019,-19.6238,-166.1195,264,11:00:00 10-Jul-2019,1,26.0,Dawn,450,16,80,,,0,,22398,103,,120,,137,,149,,158,,164,,168,,172,,173,
314,"47618",47618,0.500000,Transmission,MiniPAT,11-Jul-2019,04:25:00,6,9,Argos-3,18:27:59 11-Jul-2019,-19.6048,-166.1483,264,07:00:00 11-Jul-2019,1,26.0,Dusk,450,16,48,,,0,,12590,164,,160,,153,,142,,130,,113,,95,,81,,70,
315,"47618",47618,0.500000,Transmission,MiniPAT,11-Jul-2019,17:05:00,6,9,Argos-3,18:27:59 11-Jul-2019,-19.6048,-166.1483,,07:00:00 11-Jul-2019,1,26.0,Dawn,300,16,80,,,0,,9073,88,,98,,110,,122,,134,,144,,151,,159,,165,
316,"47618",47618,0.500000,Transmission,MiniPAT,12-Jul-2019,04:33:45,6,5,Argos-3,18:27:59 11-Jul-2019,-19.6048,-166.1483,16,13:00:00 12-Jul-2019,0,25.9,Dusk,450,16,16,,,0,,44820,170,,162,,153,,139,,119,,104,,93,,86,,83,
317,"47618",47618,0.500000,Transmission,MiniPAT,12-Jul-2019,17:02:30,6,5,Argos-3,18:27:59 11-Jul-2019,-19.6048,-166.1483,16,13:00:00 12-Jul-2019,0,25.9,Dawn,450,16,16,,,0,,4138,105,,125,,143,,154,,164,,172,,174,,175,,182,
318,"47618",47618,0.500000,Transmission,MiniPAT,13-Jul-2019,04:20:00,6,6,Argos-3,08:19:03 12-Jul-2019,-19.6754,-166.1911,16,12:00:00 13-Jul-2019,0,25.5,Dusk,450,16,16,,,0,,39511,167,,161,,150,,140,,130,,112,,99,,88,,78,
319,"47618",47618,0.500000,Transmission,MiniPAT,13-Jul-2019,17:01:15,6,6,Argos-3,21:10:08 12-Jul-2019,-19.7136,-166.1834,16,12:00:00 13-Jul-2019,0,25.5,Dawn,300,16,16,,,0,,53608,97,,108,,120,,134,,146,,155,,161,,165,,168,
320,"47618",47618,0.500000,Transmission,MiniPAT,14-Jul-2019,03:52:30,6,4,Argos-3,17:11:40 13-Jul-2019,-19.7751,-166.3002,16,10:00:00 14-Jul-2019,0,25.5,Dusk,750,16,16,,,0,,8465,193,,186,,181,,172,,163,,145,,115,,95,,86,
321,"47618",47618,0.500000,Transmission,MiniPAT,14-Jul-2019,17:03:45,6,4,Argos-3,17:11:40 13-Jul-2019,-19.7751,-166.3002,,10:00:00 14-Jul-2019,0,25.5,Dawn,750,16,16,,,0,,56010,103,,134,,158,,168,,175,,180,,187,,192,,194,
