"; PTT 47618, Serial 17P0804, Run 7 - 0.25&deg; Grid Size @ 29-Dec-2020 12:41"
"; Marine @ 3.0 meters/second, Model Score 82.14"
"; 315 Twilights, 157 SSTs, 1 User Locations"
"; SST Reference Data Set: NOAA OI SST V2 High Resolution, Bathymetry Reference Data Set: ETOPO1-Bedrock"

DeployID,Ptt,Date,Most Likely Latitude,Most Likely Longitude,Observation Type,Observed SST,Satellite SST,Observed Depth,Bathymetry Depth,Observation LL (MSS),Observation Score,Sunrise,Sunset
47618_SIL_F,47618,03-Feb-2019 05:11:15,-21.925,-160.3,Light - Dusk,,,80,4854,,82.9947528450755,,
47618_SIL_F,47618,03-Feb-2019 12:00:00,-21.95,-160.3,None,,,,,,,,
47618_SIL_F,47618,03-Feb-2019 15:30:00,-21.95,-160.325,Light - Dawn,,,48,4854,,80.2071834652324,,
47618_SIL_F,47618,03-Feb-2019 16:00:00,-21.95,-160.325,SST,28.5,28.4366664886475,0,4854,,79.575464205148,,
47618_SIL_F,47618,04-Feb-2019 00:00:00,-22,-160.35,None,,,,,,,04-Feb-2019 16:24:38,05-Feb-2019 05:25:45
47618_SIL_F,47618,04-Feb-2019 05:27:30,-22.05,-160.35,Light - Dusk,,,48,4719,,44.4164824417355,,
47618_SIL_F,47618,04-Feb-2019 12:00:00,-22.075,-160.375,None,,,,,,,,
47618_SIL_F,47618,04-Feb-2019 15:00:00,-22.1,-160.375,SST,28,28.269998550415,0,4719,,51.365537954214,,
47618_SIL_F,47618,04-Feb-2019 15:31:15,-22.1,-160.375,Light - Dawn,,,16,4719,,89.5195498131019,,
47618_SIL_F,47618,05-Feb-2019 00:00:00,-22.075,-160.45,None,,,,,,,05-Feb-2019 16:25:33,06-Feb-2019 05:25:47
47618_SIL_F,47618,05-Feb-2019 05:06:15,-22.075,-160.5,Light - Dusk,,,48,4719,,92.0260452258654,,
47618_SIL_F,47618,05-Feb-2019 09:00:00,-22.05,-160.525,SST,27.8,28.1137497425079,0,4740,,42.8898913893036,,
47618_SIL_F,47618,05-Feb-2019 12:00:00,-22.025,-160.525,None,,,,,,,,
47618_SIL_F,47618,05-Feb-2019 15:32:30,-21.975,-160.55,Light - Dawn,,,16,4742,,31.8949134702691,,
47618_SIL_F,47618,06-Feb-2019 00:00:00,-21.925,-160.4,None,,,,,,,06-Feb-2019 16:26:10,07-Feb-2019 05:24:54
47618_SIL_F,47618,06-Feb-2019 04:53:45,-21.925,-160.325,Light - Dusk,,,16,4854,,66.3308317244654,,
47618_SIL_F,47618,06-Feb-2019 12:00:00,-22.05,-160.325,SST,27.8,27.8599996566772,0,4719,,53.058598862955,,
47618_SIL_F,47618,06-Feb-2019 15:25:00,-21.975,-160.3,Light - Dawn,,,16,4854,,81.3794737709286,,
47618_SIL_F,47618,07-Feb-2019 00:00:00,-21.9,-160.275,None,,,,,,,07-Feb-2019 16:26:19,08-Feb-2019 05:23:52
47618_SIL_F,47618,07-Feb-2019 05:06:15,-21.9,-160.25,Light - Dusk,,,16,4854,,83.1604454301197,,
47618_SIL_F,47618,07-Feb-2019 08:00:00,-21.95,-160.225,SST,27.9,28.1133327484131,0,4970,,55.2168227471673,,
47618_SIL_F,47618,07-Feb-2019 12:00:00,-21.825,-160.2,None,,,,,,,,
47618_SIL_F,47618,07-Feb-2019 15:32:30,-21.775,-160.175,Light - Dawn,,,16,4970,,78.9735311479831,,
47618_SIL_F,47618,08-Feb-2019 00:00:00,-21.65,-160.1,None,,,,,,,08-Feb-2019 16:26:32,09-Feb-2019 05:22:20
47618_SIL_F,47618,08-Feb-2019 05:17:30,-21.6,-160.05,Light - Dusk,,,48,4887,,77.5429228358707,,
47618_SIL_F,47618,08-Feb-2019 12:00:00,-21.575,-160,SST,28,28.1999988555908,0,4585,,56.137786711856,,
47618_SIL_F,47618,08-Feb-2019 15:36:15,-21.5,-160,Light - Dawn,,,16,4585,,94.5525960470902,,
47618_SIL_F,47618,09-Feb-2019 00:00:00,-21.3,-159.975,None,,,,,,,09-Feb-2019 16:27:03,10-Feb-2019 05:20:53
47618_SIL_F,47618,09-Feb-2019 04:57:30,-21.2,-159.95,Light - Dusk,,,48,4381,,91.9274066040759,,
47618_SIL_F,47618,09-Feb-2019 09:00:00,-21.125,-159.925,SST,28.6,28.3949990272522,0,4381,,79.3198543424826,,
47618_SIL_F,47618,09-Feb-2019 12:00:00,-21.1,-159.925,None,,,,,,,,
47618_SIL_F,47618,09-Feb-2019 15:36:15,-21.1,-159.925,Light - Dawn,,,48,4381,,95.628735382349,,
47618_SIL_F,47618,10-Feb-2019 00:00:00,-21.025,-159.95,None,,,,,,,10-Feb-2019 16:27:51,11-Feb-2019 05:19:55
47618_SIL_F,47618,10-Feb-2019 05:01:15,-21,-159.95,Light - Dusk,,,80,4381,,92.1309719984621,,
47618_SIL_F,47618,10-Feb-2019 09:00:00,-20.975,-159.95,SST,28.5,28.4087493419647,1,4597,,84.5557270865566,,
47618_SIL_F,47618,10-Feb-2019 12:00:00,-20.975,-159.95,None,,,,,,,,
47618_SIL_F,47618,10-Feb-2019 15:35:00,-20.975,-159.95,Light - Dawn,,,16,4597,,92.3855601788199,,
47618_SIL_F,47618,11-Feb-2019 00:00:00,-20.975,-159.975,None,,,,,,,11-Feb-2019 16:28:33,12-Feb-2019 05:19:25
47618_SIL_F,47618,11-Feb-2019 04:52:30,-21,-160,Light - Dusk,,,80,4381,,84.2913232429736,,
47618_SIL_F,47618,11-Feb-2019 12:00:00,-21.1,-160.05,SST,28,28.1449995040894,0,4771,,63.9629493524675,,
47618_SIL_F,47618,11-Feb-2019 15:45:00,-21.025,-160.05,Light - Dawn,,,48,4771,,89.3612490354737,,
47618_SIL_F,47618,12-Feb-2019 00:00:00,-20.95,-160.075,None,,,,,,,12-Feb-2019 16:29:31,13-Feb-2019 05:19:13
47618_SIL_F,47618,12-Feb-2019 04:55:00,-20.925,-160.1,Light - Dusk,,,80,4647,,80.5727155699657,,
47618_SIL_F,47618,12-Feb-2019 12:00:00,-20.925,-160.125,None,,,,,,,,
47618_SIL_F,47618,12-Feb-2019 15:46:15,-20.95,-160.15,Light - Dawn,,,48,4647,,87.1780698698295,,
47618_SIL_F,47618,12-Feb-2019 17:00:00,-20.95,-160.15,SST,28.3,28.2783326307933,1,4647,,89.1663881603079,,
47618_SIL_F,47618,13-Feb-2019 00:00:00,-20.925,-160.175,None,,,,,,,13-Feb-2019 16:30:29,14-Feb-2019 05:19:01
47618_SIL_F,47618,13-Feb-2019 05:12:30,-20.925,-160.2,Light - Dusk,,,48,4647,,86.7326559423093,,
47618_SIL_F,47618,13-Feb-2019 12:00:00,-20.9,-160.225,None,,,,,,,,
47618_SIL_F,47618,13-Feb-2019 15:00:00,-20.875,-160.25,SST,28,28.0149986743927,2,4793,,89.3694039684935,,
47618_SIL_F,47618,13-Feb-2019 15:56:15,-20.875,-160.25,Light - Dawn,,,48,4793,,91.6151538771357,,
47618_SIL_F,47618,14-Feb-2019 00:00:00,-20.925,-160.3,None,,,,,,,14-Feb-2019 16:31:30,15-Feb-2019 05:18:55
47618_SIL_F,47618,14-Feb-2019 04:41:15,-20.95,-160.3,Light - Dusk,,,144,4793,,80.9412121403267,,
47618_SIL_F,47618,14-Feb-2019 09:00:00,-20.95,-160.325,SST,28.1,27.9212486743927,0,4793,,83.4775696606003,,
47618_SIL_F,47618,14-Feb-2019 12:00:00,-20.95,-160.325,None,,,,,,,,
47618_SIL_F,47618,14-Feb-2019 16:00:00,-20.95,-160.3,Light - Dawn,,,48,4793,,74.5748482789246,,
47618_SIL_F,47618,15-Feb-2019 00:00:00,-20.95,-160.25,None,,,,,,,15-Feb-2019 16:31:48,16-Feb-2019 05:18:08
47618_SIL_F,47618,15-Feb-2019 05:03:45,-20.975,-160.2,Light - Dusk,,,48,4647,,94.8213670222056,,
47618_SIL_F,47618,15-Feb-2019 09:00:00,-21.025,-160.175,SST,28.1,27.9912490844727,1,4771,,89.2556866488765,,
47618_SIL_F,47618,15-Feb-2019 12:00:00,-21,-160.15,None,,,,,,,,
47618_SIL_F,47618,15-Feb-2019 16:05:00,-20.975,-160.125,Light - Dawn,,,48,4647,,77.1575212869248,,
47618_SIL_F,47618,16-Feb-2019 00:00:00,-21,-160.05,None,,,,,,,16-Feb-2019 16:31:27,17-Feb-2019 05:16:45
47618_SIL_F,47618,16-Feb-2019 04:35:00,-21,-160.025,Light - Dusk,,,48,4771,,91.5573466298758,,
47618_SIL_F,47618,16-Feb-2019 12:00:00,-21.1,-160,SST,28,28.0149993896484,0,4381,,81.0488395325963,,
47618_SIL_F,47618,16-Feb-2019 15:58:45,-21.05,-159.975,Light - Dawn,,,80,4381,,93.4455164606565,,
47618_SIL_F,47618,17-Feb-2019 00:00:00,-21,-159.95,None,,,,,,,17-Feb-2019 16:31:33,18-Feb-2019 05:15:43
47618_SIL_F,47618,17-Feb-2019 05:03:45,-21,-159.925,Light - Dusk,,,48,4381,,93.6814549037454,,
47618_SIL_F,47618,17-Feb-2019 12:00:00,-20.975,-159.9,None,,,,,,,,
47618_SIL_F,47618,17-Feb-2019 15:56:15,-20.975,-159.875,Light - Dawn,,,48,4597,,97.5969318010218,,
47618_SIL_F,47618,17-Feb-2019 17:00:00,-20.975,-159.875,SST,28.2,28.1833329200745,1,4597,,83.0839927104201,,
47618_SIL_F,47618,18-Feb-2019 00:00:00,-20.95,-159.875,None,,,,,,,18-Feb-2019 16:31:47,19-Feb-2019 05:14:42
47618_SIL_F,47618,18-Feb-2019 05:01:15,-20.925,-159.875,Light - Dusk,,,80,4597,,92.8256201056158,,
47618_SIL_F,47618,18-Feb-2019 09:00:00,-20.875,-159.875,SST,28.4,28.2787492275238,4,4597,,79.3059505759757,,
47618_SIL_F,47618,18-Feb-2019 12:00:00,-20.9,-159.85,None,,,,,,,,
47618_SIL_F,47618,18-Feb-2019 15:56:15,-20.9,-159.825,Light - Dawn,,,48,4597,,97.4462010510505,,
47618_SIL_F,47618,19-Feb-2019 00:00:00,-20.9,-159.8,None,,,,,,,19-Feb-2019 16:32:01,20-Feb-2019 05:13:41
47618_SIL_F,47618,19-Feb-2019 05:11:15,-20.875,-159.775,Light - Dusk,,,48,4597,,94.0189680110131,,
47618_SIL_F,47618,19-Feb-2019 10:00:00,-20.85,-159.75,SST,28.4,28.2099990844727,1,4597,,84.3295317946058,,
47618_SIL_F,47618,19-Feb-2019 12:00:00,-20.875,-159.75,None,,,,,,,,
47618_SIL_F,47618,19-Feb-2019 16:01:15,-20.875,-159.725,Light - Dawn,,,48,4632,,94.1424547113896,,
47618_SIL_F,47618,20-Feb-2019 00:00:00,-20.875,-159.7,None,,,,,,,20-Feb-2019 16:32:06,21-Feb-2019 05:12:35
47618_SIL_F,47618,20-Feb-2019 05:08:45,-20.85,-159.7,Light - Dusk,,,48,4632,,96.7197026861962,,
47618_SIL_F,47618,20-Feb-2019 12:00:00,-20.825,-159.725,SST,28.5,28.1999988555908,4,4632,,74.1269046306818,,
47618_SIL_F,47618,20-Feb-2019 15:58:45,-20.825,-159.65,Light - Dawn,,,48,4632,,96.202299420105,,
47618_SIL_F,47618,21-Feb-2019 00:00:00,-20.825,-159.575,None,,,,,,,21-Feb-2019 16:32:07,22-Feb-2019 05:11:20
47618_SIL_F,47618,21-Feb-2019 04:55:00,-20.825,-159.525,Light - Dusk,,,112,4632,,83.5286986298701,,
47618_SIL_F,47618,21-Feb-2019 11:00:00,-20.8,-159.55,SST,28.3,28.0662492911021,0,4632,,78.8272097076238,,
47618_SIL_F,47618,21-Feb-2019 12:00:00,-20.8,-159.525,None,,,,,,,,
47618_SIL_F,47618,21-Feb-2019 16:07:30,-20.8,-159.45,Light - Dawn,,,48,4790,,71.5188087148322,,
47618_SIL_F,47618,22-Feb-2019 00:00:00,-20.8,-159.4,None,,,,,,,22-Feb-2019 16:31:53,23-Feb-2019 05:09:55
47618_SIL_F,47618,22-Feb-2019 04:56:15,-20.8,-159.375,Light - Dusk,,,48,4790,,95.1907806052264,,
47618_SIL_F,47618,22-Feb-2019 12:00:00,-20.9,-159.35,None,,,,,,,,
47618_SIL_F,47618,22-Feb-2019 13:00:00,-20.9,-159.35,SST,28.3,27.9124988714854,1,4790,,69.2515301470753,,
47618_SIL_F,47618,22-Feb-2019 15:55:00,-20.825,-159.375,Light - Dawn,,,112,4790,,89.8560459674902,,
47618_SIL_F,47618,23-Feb-2019 00:00:00,-20.8,-159.325,None,,,,,,,23-Feb-2019 16:32:02,24-Feb-2019 05:08:53
47618_SIL_F,47618,23-Feb-2019 04:57:30,-20.825,-159.325,Light - Dusk,,,48,4790,,95.3747292032346,,
47618_SIL_F,47618,23-Feb-2019 12:00:00,-20.9,-159.3,None,,,,,,,,
47618_SIL_F,47618,23-Feb-2019 15:55:00,-21,-159.275,Light - Dawn,,,48,4678,,91.7145672099351,,
47618_SIL_F,47618,23-Feb-2019 16:00:00,-21,-159.275,SST,28.1,27.7266654968262,2,4678,,69.9635339216387,,
47618_SIL_F,47618,24-Feb-2019 00:00:00,-20.9,-159.275,None,,,,,,,24-Feb-2019 16:32:11,25-Feb-2019 05:08:02
47618_SIL_F,47618,24-Feb-2019 04:53:45,-20.875,-159.275,Light - Dusk,,,16,4790,,93.6543915556484,,
47618_SIL_F,47618,24-Feb-2019 12:00:00,-20.9,-159.25,None,,,,,,,,
47618_SIL_F,47618,24-Feb-2019 15:00:00,-20.85,-159.3,SST,28.1,27.4949996471405,1,4790,,52.1552986787279,,
47618_SIL_F,47618,24-Feb-2019 15:46:15,-20.85,-159.3,Light - Dawn,,,80,4790,,94.4632927116419,,
47618_SIL_F,47618,25-Feb-2019 00:00:00,-20.875,-159.2,None,,,,,,,25-Feb-2019 16:32:20,26-Feb-2019 05:06:58
47618_SIL_F,47618,25-Feb-2019 04:37:30,-20.875,-159.175,Light - Dusk,,,112,4916,,88.2030694977322,,
47618_SIL_F,47618,25-Feb-2019 12:00:00,-20.875,-159.15,None,,,,,,,,
47618_SIL_F,47618,25-Feb-2019 15:52:30,-20.875,-159.15,Light - Dawn,,,80,4916,,90.5086252105977,,
47618_SIL_F,47618,25-Feb-2019 16:00:00,-20.875,-159.15,SST,28.1,27.6399987538656,2,4916,,60.6167449292521,,
47618_SIL_F,47618,26-Feb-2019 00:00:00,-20.825,-159.125,None,,,,,,,26-Feb-2019 16:32:30,27-Feb-2019 05:05:52
47618_SIL_F,47618,26-Feb-2019 04:41:15,-20.8,-159.125,Light - Dusk,,,48,4916,,95.0165659012742,,
47618_SIL_F,47618,26-Feb-2019 12:00:00,-20.8,-159.1,None,,,,,,,,
47618_SIL_F,47618,26-Feb-2019 15:00:00,-20.825,-159.1,SST,28.3,27.9987490177155,4,4916,,79.6790965528322,,
47618_SIL_F,47618,26-Feb-2019 15:45:00,-20.825,-159.1,Light - Dawn,,,80,4916,,91.1483138876308,,
47618_SIL_F,47618,27-Feb-2019 00:00:00,-20.75,-159.075,None,,,,,,,27-Feb-2019 16:32:46,28-Feb-2019 05:04:51
47618_SIL_F,47618,27-Feb-2019 04:58:45,-20.75,-159.075,Light - Dusk,,,48,4888,,96.5119605954728,,
47618_SIL_F,47618,27-Feb-2019 10:00:00,-20.725,-159.075,SST,28.3,28.1499996185303,1,4888,,88.8686960505181,,
47618_SIL_F,47618,27-Feb-2019 12:00:00,-20.725,-159.075,None,,,,,,,,
47618_SIL_F,47618,27-Feb-2019 15:38:45,-20.725,-159.05,Light - Dawn,,,48,4888,,96.568967931704,,
47618_SIL_F,47618,28-Feb-2019 00:00:00,-20.725,-159.05,None,,,,,,,28-Feb-2019 16:33:05,01-Mar-2019 05:03:58
47618_SIL_F,47618,28-Feb-2019 04:43:45,-20.725,-159.025,Light - Dusk,,,80,4888,,92.2948131102193,,
47618_SIL_F,47618,28-Feb-2019 11:00:00,-20.7,-159.025,SST,28.3,28.1958331267039,1,4888,,88.1033182556994,,
47618_SIL_F,47618,28-Feb-2019 12:00:00,-20.7,-159.025,None,,,,,,,,
47618_SIL_F,47618,28-Feb-2019 15:43:45,-20.725,-159.025,Light - Dawn,,,48,4888,,94.3975280707043,,
47618_SIL_F,47618,01-Mar-2019 00:00:00,-20.75,-159.025,None,,,,,,,01-Mar-2019 16:33:22,02-Mar-2019 05:03:05
47618_SIL_F,47618,01-Mar-2019 04:46:15,-20.725,-159.025,Light - Dusk,,,80,4888,,90.5544529285081,,
47618_SIL_F,47618,01-Mar-2019 10:00:00,-20.675,-159,SST,28.5,28.3874996503194,0,4812,,89.3374237022639,,
47618_SIL_F,47618,01-Mar-2019 12:00:00,-20.7,-159,None,,,,,,,,
47618_SIL_F,47618,01-Mar-2019 15:42:30,-20.725,-159,Light - Dawn,,,48,4812,,94.1344923203757,,
47618_SIL_F,47618,02-Mar-2019 00:00:00,-20.725,-159.025,None,,,,,,,02-Mar-2019 16:33:47,03-Mar-2019 05:02:17
47618_SIL_F,47618,02-Mar-2019 05:02:30,-20.75,-159.05,Light - Dusk,,,48,4888,,86.9239410353829,,
47618_SIL_F,47618,02-Mar-2019 10:00:00,-20.8,-159.025,SST,28.8,28.4033327102661,1,4916,,71.2346804756182,,
47618_SIL_F,47618,02-Mar-2019 12:00:00,-20.775,-159.05,None,,,,,,,,
47618_SIL_F,47618,02-Mar-2019 15:36:15,-20.775,-159.05,Light - Dawn,,,16,4916,,94.9715035296777,,
47618_SIL_F,47618,03-Mar-2019 00:00:00,-20.8,-159.1,None,,,,,,,03-Mar-2019 16:34:25,04-Mar-2019 05:01:49
47618_SIL_F,47618,03-Mar-2019 04:46:15,-20.85,-159.1,Light - Dusk,,,80,4916,,95.3460874838154,,
47618_SIL_F,47618,03-Mar-2019 12:00:00,-21.05,-159.15,SST,28.4,28.2049989700317,0,4834,,83.2362945267795,,
47618_SIL_F,47618,03-Mar-2019 15:38:45,-21.05,-159.15,Light - Dawn,,,16,4834,,65.261122665493,,
47618_SIL_F,47618,04-Mar-2019 00:00:00,-21.125,-159.15,None,,,,,,,04-Mar-2019 16:34:49,05-Mar-2019 05:01:22
47618_SIL_F,47618,04-Mar-2019 04:43:45,-21.175,-159.15,Light - Dusk,,,48,4834,,87.443799139858,,
47618_SIL_F,47618,04-Mar-2019 12:00:00,-21.275,-159.15,None,,,,,,,,
47618_SIL_F,47618,04-Mar-2019 15:00:00,-21.3,-159.15,SST,28.4,27.8749992847443,1,4746,,54.770006628562,,
47618_SIL_F,47618,04-Mar-2019 15:43:45,-21.3,-159.15,Light - Dawn,,,80,4746,,92.8250736196461,,
47618_SIL_F,47618,05-Mar-2019 00:00:00,-21.35,-159.15,None,,,,,,,05-Mar-2019 16:35:05,06-Mar-2019 05:00:38
47618_SIL_F,47618,05-Mar-2019 04:05:00,-21.3,-159.175,Light - Dusk,,,112,4746,,78.8329623347081,,
47618_SIL_F,47618,05-Mar-2019 08:00:00,-21.4,-159.15,SST,28.4,27.6799996693929,0,4746,,44.5394334881862,,
47618_SIL_F,47618,05-Mar-2019 12:00:00,-21.425,-159.15,None,,,,,,,,
47618_SIL_F,47618,05-Mar-2019 15:41:15,-21.45,-159.15,Light - Dawn,,,48,4746,,94.3158368353712,,
47618_SIL_F,47618,06-Mar-2019 00:00:00,-21.45,-159.15,None,,,,,,,06-Mar-2019 16:35:26,07-Mar-2019 04:59:50
47618_SIL_F,47618,06-Mar-2019 04:03:45,-21.425,-159.175,Light - Dusk,,,48,4746,,83.2673574257363,,
47618_SIL_F,47618,06-Mar-2019 12:00:00,-21.375,-159.25,None,,,,,,,,
47618_SIL_F,47618,06-Mar-2019 15:47:30,-21.325,-159.3,Light - Dawn,,,48,4656,,48.1662309248112,,
47618_SIL_F,47618,06-Mar-2019 17:00:00,-21.325,-159.275,SST,28.2,27.5608333746592,1,4656,,58.0160798454179,,
47618_SIL_F,47618,07-Mar-2019 00:00:00,-21.275,-159.275,None,,,,,,,07-Mar-2019 16:36:23,08-Mar-2019 04:59:24
47618_SIL_F,47618,07-Mar-2019 04:35:00,-21.25,-159.275,Light - Dusk,,,560,4678,,0.175234431536793,,
47618_SIL_F,47618,07-Mar-2019 09:00:00,-21.2,-159.175,SST,28.1,27.7237501144409,0,4834,,67.7981628471375,,
47618_SIL_F,47618,07-Mar-2019 12:00:00,-21.175,-159.125,None,,,,,,,,
47618_SIL_F,47618,07-Mar-2019 15:41:15,-21.15,-159.075,Light - Dawn,,,48,4834,,96.1924035395096,,
47618_SIL_F,47618,08-Mar-2019 00:00:00,-21.1,-159,None,,,,,,,08-Mar-2019 16:35:44,09-Mar-2019 04:57:22
47618_SIL_F,47618,08-Mar-2019 04:42:30,-21.1,-158.95,Light - Dusk,,,16,4949,,81.5093818688898,,
47618_SIL_F,47618,08-Mar-2019 11:00:00,-21.125,-158.875,SST,28.2,27.689582824707,0,4949,,57.3388493152629,,
47618_SIL_F,47618,08-Mar-2019 12:00:00,-21.125,-158.875,None,,,,,,,,
47618_SIL_F,47618,08-Mar-2019 15:48:45,-21.125,-158.875,Light - Dawn,,,48,4949,,91.8429104015672,,
47618_SIL_F,47618,09-Mar-2019 00:00:00,-21.125,-158.875,None,,,,,,,09-Mar-2019 16:35:35,10-Mar-2019 04:56:01
47618_SIL_F,47618,09-Mar-2019 04:38:45,-21.175,-158.9,Light - Dusk,,,48,4949,,75.3903464359168,,
47618_SIL_F,47618,09-Mar-2019 12:00:00,-21.275,-158.925,None,,,,,,,,
47618_SIL_F,47618,09-Mar-2019 14:00:00,-21.3,-158.925,SST,27.6,27.5108327865601,0,4830,,82.8517331828078,,
47618_SIL_F,47618,09-Mar-2019 15:43:45,-21.3,-158.95,Light - Dawn,,,16,4830,,91.3407333754299,,
47618_SIL_F,47618,10-Mar-2019 00:00:00,-21.4,-159,None,,,,,,,10-Mar-2019 16:36:20,11-Mar-2019 04:55:44
47618_SIL_F,47618,10-Mar-2019 04:38:45,-21.45,-159.05,Light - Dusk,,,16,4746,,78.3253109165136,,
47618_SIL_F,47618,10-Mar-2019 12:00:00,-21.575,-159.125,None,,,,,,,,
47618_SIL_F,47618,10-Mar-2019 15:00:00,-21.625,-159.15,SST,27.1,27.108749628067,1,4760,,73.970394606709,,
47618_SIL_F,47618,10-Mar-2019 15:43:45,-21.625,-159.15,Light - Dawn,,,16,4760,,84.9401928124679,,
47618_SIL_F,47618,11-Mar-2019 00:00:00,-21.7,-159.2,None,,,,,,,11-Mar-2019 16:37:24,12-Mar-2019 04:55:45
47618_SIL_F,47618,11-Mar-2019 04:56:15,-21.775,-159.25,Light - Dusk,,,48,4729,,98.5202973886062,,
47618_SIL_F,47618,11-Mar-2019 12:00:00,-21.875,-159.25,None,,,,,,,,
47618_SIL_F,47618,11-Mar-2019 14:00:00,-21.95,-159.25,SST,27.1,27.1099999745687,1,4729,,72.4785635736298,,
47618_SIL_F,47618,11-Mar-2019 15:53:45,-21.95,-159.3,Light - Dawn,,,48,4729,,90.3471225232637,,
47618_SIL_F,47618,12-Mar-2019 00:00:00,-22,-159.375,None,,,,,,,12-Mar-2019 16:38:23,13-Mar-2019 04:55:38
47618_SIL_F,47618,12-Mar-2019 04:31:15,-22.075,-159.425,Light - Dusk,,,16,4932,,75.421872005259,,
47618_SIL_F,47618,12-Mar-2019 09:00:00,-22.175,-159.45,SST,27.1,27.1874997615814,0,4932,,66.1939742431171,,
47618_SIL_F,47618,12-Mar-2019 12:00:00,-22.125,-159.55,None,,,,,,,,
47618_SIL_F,47618,12-Mar-2019 15:53:45,-22.1,-159.65,Light - Dawn,,,48,4867,,94.9616224381462,,
47618_SIL_F,47618,13-Mar-2019 00:00:00,-22.1,-159.85,None,,,,,,,13-Mar-2019 16:40:37,14-Mar-2019 04:56:38
47618_SIL_F,47618,13-Mar-2019 04:42:30,-22.125,-159.95,Light - Dusk,,,48,4722,,65.6904189351938,,
47618_SIL_F,47618,13-Mar-2019 12:00:00,-22.175,-160.25,None,,,,,,,,
47618_SIL_F,47618,13-Mar-2019 16:00:00,-22.275,-160.4,SST,27.1,27.009999593099,0,4705,,80.3522190677772,,
47618_SIL_F,47618,13-Mar-2019 16:08:45,-22.275,-160.4,Light - Dawn,,,48,4705,,26.9807233241527,,
47618_SIL_F,47618,14-Mar-2019 00:00:00,-22.275,-160.25,None,,,,,,,14-Mar-2019 16:42:33,15-Mar-2019 04:57:21
47618_SIL_F,47618,14-Mar-2019 12:00:00,-22.4,-160.025,None,,,,,,,,
47618_SIL_F,47618,15-Mar-2019 00:00:00,-22.575,-159.825,None,,,,,,,15-Mar-2019 16:41:10,16-Mar-2019 04:54:47
47618_SIL_F,47618,15-Mar-2019 04:43:45,-22.625,-159.75,Light - Dusk,,,16,4739,,89.4277752251446,,
47618_SIL_F,47618,15-Mar-2019 12:00:00,-22.7,-159.625,None,,,,,,,,
47618_SIL_F,47618,15-Mar-2019 13:00:00,-22.7,-159.625,SST,27,26.8554152647654,0,5005,,81.0126069213246,,
47618_SIL_F,47618,15-Mar-2019 16:02:30,-22.775,-159.6,Light - Dawn,,,48,5006,,95.2630494253623,,
47618_SIL_F,47618,16-Mar-2019 00:00:00,-22.9,-159.475,None,,,,,,,16-Mar-2019 16:40:05,17-Mar-2019 04:52:29
47618_SIL_F,47618,16-Mar-2019 04:48:45,-23,-159.425,Light - Dusk,,,48,4838,,85.9311294892626,,
47618_SIL_F,47618,16-Mar-2019 11:00:00,-23.125,-159.375,SST,26.6,26.6220821539561,0,4838,,79.6935724775766,,
47618_SIL_F,47618,16-Mar-2019 12:00:00,-23.125,-159.375,None,,,,,,,,
47618_SIL_F,47618,16-Mar-2019 16:05:00,-23.15,-159.35,Light - Dawn,,,48,4838,,92.1481212838767,,
47618_SIL_F,47618,17-Mar-2019 00:00:00,-23.25,-159.3,None,,,,,,,17-Mar-2019 16:39:43,18-Mar-2019 04:50:52
47618_SIL_F,47618,17-Mar-2019 04:31:15,-23.325,-159.275,Light - Dusk,,,48,4838,,93.938095861025,,
47618_SIL_F,47618,17-Mar-2019 12:00:00,-23.45,-159.25,None,,,,,,,,
47618_SIL_F,47618,17-Mar-2019 14:00:00,-23.5,-159.225,SST,26.4,26.4108320871989,0,4809,,81.2896948950397,,
47618_SIL_F,47618,17-Mar-2019 16:20:00,-23.5,-159.2,Light - Dawn,,,48,4809,,88.9687835139148,,
47618_SIL_F,47618,18-Mar-2019 00:00:00,-23.575,-159.175,None,,,,,,,18-Mar-2019 16:39:35,19-Mar-2019 04:49:25
47618_SIL_F,47618,18-Mar-2019 04:45:00,-23.625,-159.15,Light - Dusk,,,48,4809,,97.5801387861392,,
47618_SIL_F,47618,18-Mar-2019 12:00:00,-23.75,-159.1,None,,,,,,,,
47618_SIL_F,47618,18-Mar-2019 14:00:00,-23.8,-159.1,SST,26.5,26.4199994405111,0,4836,,81.5107364343569,,
47618_SIL_F,47618,18-Mar-2019 16:05:00,-23.8,-159.075,Light - Dawn,,,48,4836,,93.4309696814388,,
47618_SIL_F,47618,19-Mar-2019 00:00:00,-23.85,-159.05,None,,,,,,,19-Mar-2019 16:39:27,20-Mar-2019 04:47:57
47618_SIL_F,47618,19-Mar-2019 04:32:30,-23.9,-159.025,Light - Dusk,,,16,4836,,94.962111455452,,
47618_SIL_F,47618,19-Mar-2019 12:00:00,-24.025,-158.975,None,,,,,,,,
47618_SIL_F,47618,19-Mar-2019 15:00:00,-24.075,-158.95,SST,26.5,26.4587490558624,0,5071,,76.0675983649443,,
47618_SIL_F,47618,19-Mar-2019 16:08:45,-24.075,-158.95,Light - Dawn,,,48,5071,,95.199297342098,,
47618_SIL_F,47618,20-Mar-2019 00:00:00,-24.1,-158.95,None,,,,,,,20-Mar-2019 16:39:27,21-Mar-2019 04:46:34
47618_SIL_F,47618,20-Mar-2019 04:40:00,-24.125,-158.925,Light - Dusk,,,16,5071,,95.7560783989574,,
47618_SIL_F,47618,20-Mar-2019 12:00:00,-24.175,-158.9,None,,,,,,,,
47618_SIL_F,47618,20-Mar-2019 16:00:00,-24.225,-158.9,SST,26.5,26.5299994150798,0,5071,,74.1660938520555,,
47618_SIL_F,47618,20-Mar-2019 16:25:00,-24.225,-158.9,Light - Dawn,,,48,5071,,94.8989635130727,,
47618_SIL_F,47618,21-Mar-2019 00:00:00,-24.225,-158.925,None,,,,,,,21-Mar-2019 16:39:46,22-Mar-2019 04:45:28
47618_SIL_F,47618,21-Mar-2019 04:50:00,-24.225,-158.95,Light - Dusk,,,16,5071,,97.638502426721,,
47618_SIL_F,47618,21-Mar-2019 12:00:00,-24.275,-158.975,None,,,,,,,,
47618_SIL_F,47618,21-Mar-2019 16:17:30,-24.325,-159.05,Light - Dawn,,,16,5092,,0.100036218215212,,
47618_SIL_F,47618,21-Mar-2019 17:00:00,-24.325,-159.05,SST,26.5,26.396665652593,1,5092,,77.6812402123653,,
47618_SIL_F,47618,22-Mar-2019 00:00:00,-24.3,-159.075,None,,,,,,,22-Mar-2019 16:40:47,23-Mar-2019 04:45:03
47618_SIL_F,47618,22-Mar-2019 04:30:00,-24.3,-159.1,Light - Dusk,,,48,5092,,89.4198317797153,,
47618_SIL_F,47618,22-Mar-2019 12:00:00,-24.35,-159.175,None,,,,,,,,
47618_SIL_F,47618,22-Mar-2019 16:12:30,-24.375,-159.225,Light - Dawn,,,48,5092,,90.1604984853348,,
47618_SIL_F,47618,22-Mar-2019 17:00:00,-24.375,-159.225,SST,26.3,26.3358328342438,1,5092,,70.1013634775148,,
47618_SIL_F,47618,23-Mar-2019 00:00:00,-24.35,-159.225,None,,,,,,,23-Mar-2019 16:41:48,24-Mar-2019 04:44:38
47618_SIL_F,47618,23-Mar-2019 04:30:00,-24.325,-159.25,Light - Dusk,,,48,5134,,94.5235244560075,,
47618_SIL_F,47618,23-Mar-2019 09:00:00,-24.325,-159.275,SST,26.4,26.2099990844727,2,5134,,75.1184649386957,,
47618_SIL_F,47618,23-Mar-2019 12:00:00,-24.325,-159.3,None,,,,,,,,
47618_SIL_F,47618,23-Mar-2019 16:06:15,-24.325,-159.325,Light - Dawn,,,80,5134,,97.9994299131138,,
47618_SIL_F,47618,24-Mar-2019 00:00:00,-24.325,-159.375,None,,,,,,,24-Mar-2019 16:42:48,25-Mar-2019 04:44:13
47618_SIL_F,47618,24-Mar-2019 04:12:30,-24.35,-159.4,Light - Dusk,,,48,5134,,80.1623583237586,,
47618_SIL_F,47618,24-Mar-2019 12:00:00,-24.375,-159.425,SST,26.2,26.1949996948242,0,5134,,73.2269639087262,,
47618_SIL_F,47618,24-Mar-2019 16:07:30,-24.35,-159.4,Light - Dawn,,,48,5134,,91.4189227840693,,
47618_SIL_F,47618,25-Mar-2019 00:00:00,-24.275,-159.4,None,,,,,,,25-Mar-2019 16:43:18,26-Mar-2019 04:43:19
47618_SIL_F,47618,25-Mar-2019 04:27:30,-24.25,-159.4,Light - Dusk,,,48,4983,,89.4083721532707,,
47618_SIL_F,47618,25-Mar-2019 12:00:00,-24.3,-159.35,None,,,,,,,,
47618_SIL_F,47618,25-Mar-2019 13:00:00,-24.3,-159.35,SST,26.3,26.1637499332428,1,5134,,81.5540965385847,,
47618_SIL_F,47618,25-Mar-2019 15:58:45,-24.225,-159.35,Light - Dawn,,,48,4983,,91.4205151159122,,
47618_SIL_F,47618,26-Mar-2019 00:00:00,-24.15,-159.325,None,,,,,,,26-Mar-2019 16:43:24,27-Mar-2019 04:42:02
47618_SIL_F,47618,26-Mar-2019 04:31:15,-24.125,-159.325,Light - Dusk,,,48,4983,,96.3120540005073,,
47618_SIL_F,47618,26-Mar-2019 12:00:00,-24.075,-159.275,None,,,,,,,,
47618_SIL_F,47618,26-Mar-2019 14:00:00,-24.075,-159.275,SST,26.6,26.3008325894674,1,4983,,73.2855081391593,,
47618_SIL_F,47618,26-Mar-2019 15:57:30,-24.075,-159.25,Light - Dawn,,,80,4983,,90.6613920827962,,
47618_SIL_F,47618,27-Mar-2019 00:00:00,-24.075,-159.25,None,,,,,,,27-Mar-2019 16:43:29,28-Mar-2019 04:40:45
47618_SIL_F,47618,27-Mar-2019 04:30:00,-24.075,-159.25,Light - Dusk,,,16,4983,,80.0749756718812,,
47618_SIL_F,47618,27-Mar-2019 12:00:00,-24.1,-159.225,None,,,,,,,,
47618_SIL_F,47618,27-Mar-2019 14:00:00,-24.1,-159.225,SST,26.6,26.2866655985514,0,5064,,69.1724799908997,,
47618_SIL_F,47618,27-Mar-2019 16:11:15,-24.125,-159.225,Light - Dawn,,,48,5064,,79.5535537044399,,
47618_SIL_F,47618,28-Mar-2019 00:00:00,-24.175,-159.225,None,,,,,,,28-Mar-2019 16:43:48,29-Mar-2019 04:39:37
47618_SIL_F,47618,28-Mar-2019 04:21:15,-24.25,-159.225,Light - Dusk,,,48,5064,,79.4994054793732,,
47618_SIL_F,47618,28-Mar-2019 12:00:00,-24.375,-159.225,None,,,,,,,,
47618_SIL_F,47618,28-Mar-2019 13:00:00,-24.375,-159.25,SST,26.3,26.3016666571299,1,5134,,79.0533086347515,,
47618_SIL_F,47618,28-Mar-2019 16:02:30,-24.375,-159.225,Light - Dawn,,,48,5092,,96.4416461247545,,
47618_SIL_F,47618,29-Mar-2019 00:00:00,-24.475,-159.225,None,,,,,,,29-Mar-2019 16:44:17,30-Mar-2019 04:38:32
47618_SIL_F,47618,29-Mar-2019 04:08:45,-24.525,-159.25,Light - Dusk,,,48,5341,,93.8369403192101,,
47618_SIL_F,47618,29-Mar-2019 10:00:00,-24.65,-159.325,SST,26.1,26.1141657829285,0,5341,,65.7890356161871,,
47618_SIL_F,47618,29-Mar-2019 12:00:00,-24.65,-159.275,None,,,,,,,,
47618_SIL_F,47618,29-Mar-2019 15:58:45,-24.65,-159.2,Light - Dawn,,,48,5069,,96.7631377417398,,
47618_SIL_F,47618,30-Mar-2019 00:00:00,-24.675,-159.125,None,,,,,,,30-Mar-2019 16:44:21,31-Mar-2019 04:37:04
47618_SIL_F,47618,30-Mar-2019 04:17:30,-24.725,-159.125,Light - Dusk,,,48,5069,,95.5164420558978,,
47618_SIL_F,47618,30-Mar-2019 12:00:00,-24.775,-159.1,None,,,,,,,,
47618_SIL_F,47618,30-Mar-2019 14:00:00,-24.725,-159.125,SST,26,26.4016663233439,1,5069,,56.917726904733,,
47618_SIL_F,47618,30-Mar-2019 15:47:30,-24.775,-159.075,Light - Dawn,,,496,5146,,8.95576362214918,,
47618_SIL_F,47618,31-Mar-2019 00:00:00,-24.775,-159.025,None,,,,,,,31-Mar-2019 16:44:24,01-Apr-2019 04:35:37
47618_SIL_F,47618,31-Mar-2019 04:32:30,-24.775,-159,Light - Dusk,,,48,5238,,97.0522589549544,,
47618_SIL_F,47618,31-Mar-2019 12:00:00,-24.75,-159.05,SST,26,25.960000038147,0,5069,,77.8686767066923,,
47618_SIL_F,47618,31-Mar-2019 15:56:15,-24.725,-159,Light - Dawn,,,80,4984,,94.9310668630373,,
47618_SIL_F,47618,01-Apr-2019 00:00:00,-24.65,-158.95,None,,,,,,,01-Apr-2019 16:44:28,02-Apr-2019 04:34:21
47618_SIL_F,47618,01-Apr-2019 04:07:30,-24.625,-158.925,Light - Dusk,,,48,4984,,68.4878626426762,,
47618_SIL_F,47618,01-Apr-2019 12:00:00,-24.575,-158.825,SST,25.8,25.5199995040894,0,4984,,73.9218820977728,,
47618_SIL_F,47618,01-Apr-2019 15:51:15,-24.6,-158.8,Light - Dawn,,,48,4984,,59.7926806263884,,
47618_SIL_F,47618,02-Apr-2019 00:00:00,-24.65,-158.65,None,,,,,,,02-Apr-2019 16:43:41,03-Apr-2019 04:32:09
47618_SIL_F,47618,02-Apr-2019 04:26:15,-24.65,-158.575,Light - Dusk,,,80,5125,,76.5041618189052,,
47618_SIL_F,47618,02-Apr-2019 12:00:00,-24.65,-158.45,SST,25.3,25.3599996566772,0,5049,,79.4760523586843,,
47618_SIL_F,47618,02-Apr-2019 15:50:00,-24.7,-158.425,Light - Dawn,,,80,5049,,95.2837521637536,,
47618_SIL_F,47618,03-Apr-2019 00:00:00,-24.775,-158.35,None,,,,,,,03-Apr-2019 16:42:57,04-Apr-2019 04:29:54
47618_SIL_F,47618,03-Apr-2019 04:18:45,-24.8,-158.325,Light - Dusk,,,80,5051,,91.4527592808346,,
47618_SIL_F,47618,03-Apr-2019 12:00:00,-24.85,-158.25,None,,,,,,,,
47618_SIL_F,47618,03-Apr-2019 14:00:00,-24.875,-158.225,SST,25.6,25.3433324495951,0,5199,,76.2438102891883,,
47618_SIL_F,47618,03-Apr-2019 15:56:15,-24.875,-158.2,Light - Dawn,,,48,5199,,72.5711839613586,,
47618_SIL_F,47618,04-Apr-2019 00:00:00,-24.875,-158.15,None,,,,,,,04-Apr-2019 16:42:37,05-Apr-2019 04:28:04
47618_SIL_F,47618,04-Apr-2019 04:13:45,-24.875,-158.15,Light - Dusk,,,48,5199,,96.6827215073764,,
47618_SIL_F,47618,04-Apr-2019 10:00:00,-24.9,-158.1,SST,25.4,25.3724989891052,0,5199,,84.4870622311534,,
47618_SIL_F,47618,04-Apr-2019 12:00:00,-24.925,-158.1,None,,,,,,,,
47618_SIL_F,47618,04-Apr-2019 15:50:00,-24.925,-158.1,Light - Dawn,,,80,5199,,95.4110855373609,,
47618_SIL_F,47618,05-Apr-2019 00:00:00,-24.925,-158.1,None,,,,,,,05-Apr-2019 16:42:52,06-Apr-2019 04:26:50
47618_SIL_F,47618,05-Apr-2019 04:11:15,-24.75,-158.05,Light - Dusk,,,16,5105,,95.8992693125258,,
47618_SIL_F,47618,05-Apr-2019 10:00:00,-24.6,-157.95,SST,25.1,25.1816662152608,0,5032,,68.9523197039543,,
47618_SIL_F,47618,05-Apr-2019 12:00:00,-24.65,-157.975,None,,,,,,,,
47618_SIL_F,47618,05-Apr-2019 15:42:30,-24.725,-158.025,Light - Dawn,,,48,5105,,91.3827189857378,,
47618_SIL_F,47618,06-Apr-2019 00:00:00,-25.025,-158.125,None,,,,,,,06-Apr-2019 16:43:26,07-Apr-2019 04:25:54
47618_SIL_F,47618,06-Apr-2019 04:12:30,-25.075,-158.15,Light - Dusk,,,16,5105,,93.1147348950676,,
47618_SIL_F,47618,06-Apr-2019 12:00:00,-24.675,-158.1,None,,,,,,,,
47618_SIL_F,47618,06-Apr-2019 14:00:00,-24.625,-158.1,SST,25.4,25.4516663551331,0,5105,,76.9491994165109,,
47618_SIL_F,47618,06-Apr-2019 15:48:45,-24.65,-158.125,Light - Dawn,,,80,5105,,77.604879024201,,
47618_SIL_F,47618,07-Apr-2019 00:00:00,-24.725,-158.15,None,,,,,,,07-Apr-2019 16:43:48,08-Apr-2019 04:25:11
47618_SIL_F,47618,07-Apr-2019 04:22:30,-24.725,-158.15,Light - Dusk,,,16,5105,,98.0404788690234,,
47618_SIL_F,47618,07-Apr-2019 10:00:00,-24.65,-158.125,SST,25.4,25.4974999427795,0,5105,,70.0151264030121,,
47618_SIL_F,47618,07-Apr-2019 12:00:00,-24.7,-158.15,None,,,,,,,,
47618_SIL_F,47618,07-Apr-2019 15:50:00,-24.725,-158.175,Light - Dawn,,,48,5105,,88.1756845478817,,
47618_SIL_F,47618,08-Apr-2019 00:00:00,-24.85,-158.25,None,,,,,,,08-Apr-2019 16:44:42,09-Apr-2019 04:24:32
47618_SIL_F,47618,08-Apr-2019 04:11:15,-24.85,-158.25,Light - Dusk,,,16,5051,,96.0710466352125,,
47618_SIL_F,47618,08-Apr-2019 12:00:00,-24.775,-158.25,None,,,,,,,,
47618_SIL_F,47618,08-Apr-2019 14:00:00,-24.75,-158.275,SST,25.1,25.5208322207133,0,5049,,49.6873280079808,,
47618_SIL_F,47618,08-Apr-2019 15:56:15,-24.775,-158.275,Light - Dawn,,,48,5051,,82.2839097988456,,
47618_SIL_F,47618,09-Apr-2019 00:00:00,-24.875,-158.325,None,,,,,,,09-Apr-2019 16:45:26,10-Apr-2019 04:23:51
47618_SIL_F,47618,09-Apr-2019 04:06:15,-24.9,-158.325,Light - Dusk,,,16,5051,,96.1853801394961,,
47618_SIL_F,47618,09-Apr-2019 09:00:00,-24.85,-158.3,SST,25.3,25.4274997711182,0,5051,,76.8974443185777,,
47618_SIL_F,47618,09-Apr-2019 12:00:00,-24.925,-158.35,None,,,,,,,,
47618_SIL_F,47618,09-Apr-2019 15:47:30,-24.975,-158.4,Light - Dawn,,,48,5051,,73.8998141018378,,
47618_SIL_F,47618,10-Apr-2019 00:00:00,-25,-158.4,None,,,,,,,10-Apr-2019 16:46:15,11-Apr-2019 04:23:06
47618_SIL_F,47618,10-Apr-2019 04:18:45,-25,-158.375,Light - Dusk,,,48,5127,,50.0620567684679,,
47618_SIL_F,47618,10-Apr-2019 09:00:00,-25,-158.45,SST,25.6,25.4037501811981,0,5127,,79.9866638640368,,
47618_SIL_F,47618,10-Apr-2019 12:00:00,-24.975,-158.5,None,,,,,,,,
47618_SIL_F,47618,10-Apr-2019 15:58:45,-24.925,-158.55,Light - Dawn,,,48,5267,,93.9954464899726,,
47618_SIL_F,47618,11-Apr-2019 00:00:00,-24.925,-158.6,None,,,,,,,11-Apr-2019 16:47:26,12-Apr-2019 04:23:00
47618_SIL_F,47618,11-Apr-2019 03:56:15,-24.95,-158.625,Light - Dusk,,,16,5267,,76.8312683521883,,
47618_SIL_F,47618,11-Apr-2019 09:00:00,-24.875,-158.45,SST,25.5,25.5287499427795,0,5051,,77.195330089792,,
47618_SIL_F,47618,11-Apr-2019 12:00:00,-24.975,-158.625,None,,,,,,,,
47618_SIL_F,47618,11-Apr-2019 16:10:00,-24.925,-158.675,Light - Dawn,,,48,5267,,95.775573216761,,
47618_SIL_F,47618,12-Apr-2019 00:00:00,-24.9,-158.675,None,,,,,,,12-Apr-2019 16:48:09,13-Apr-2019 04:22:22
47618_SIL_F,47618,12-Apr-2019 04:01:15,-24.9,-158.65,Light - Dusk,,,16,5267,,95.6141009356119,,
47618_SIL_F,47618,12-Apr-2019 09:00:00,-24.825,-158.45,SST,25.5,25.4887492656708,0,5051,,76.2627083617854,,
47618_SIL_F,47618,12-Apr-2019 12:00:00,-24.875,-158.625,None,,,,,,,,
47618_SIL_F,47618,12-Apr-2019 16:17:30,-24.85,-158.7,Light - Dawn,,,80,5267,,96.0902781875184,,
47618_SIL_F,47618,13-Apr-2019 00:00:00,-24.825,-158.775,None,,,,,,,13-Apr-2019 16:48:56,14-Apr-2019 04:21:53
47618_SIL_F,47618,13-Apr-2019 04:08:45,-24.825,-158.8,Light - Dusk,,,48,5238,,86.2742169277185,,
47618_SIL_F,47618,13-Apr-2019 12:00:00,-24.825,-158.85,None,,,,,,,,
47618_SIL_F,47618,13-Apr-2019 15:00:00,-24.85,-158.875,SST,25.6,25.5099999904633,0,5238,,85.1189921186388,,
47618_SIL_F,47618,13-Apr-2019 16:13:45,-24.85,-158.875,Light - Dawn,,,48,5238,,95.3199597410068,,
47618_SIL_F,47618,14-Apr-2019 00:00:00,-24.825,-158.925,None,,,,,,,14-Apr-2019 16:49:58,15-Apr-2019 04:21:33
47618_SIL_F,47618,14-Apr-2019 04:17:30,-24.85,-158.95,Light - Dusk,,,16,5238,,97.6739865909768,,
47618_SIL_F,47618,14-Apr-2019 12:00:00,-24.9,-158.975,SST,25.9,25.414999961853,0,5238,,44.8223515139895,,
47618_SIL_F,47618,14-Apr-2019 16:17:30,-24.875,-159.05,Light - Dawn,,,48,5146,,69.3521489867459,,
47618_SIL_F,47618,15-Apr-2019 00:00:00,-24.875,-159.05,None,,,,,,,15-Apr-2019 16:50:56,16-Apr-2019 04:21:06
47618_SIL_F,47618,15-Apr-2019 04:07:30,-24.9,-159.025,Light - Dusk,,,16,5146,,92.2048412024615,,
47618_SIL_F,47618,15-Apr-2019 12:00:00,-24.95,-158.975,None,,,,,,,,
47618_SIL_F,47618,15-Apr-2019 15:00:00,-25,-158.95,SST,25.7,25.4287490844727,0,5071,,61.188240969726,,
47618_SIL_F,47618,15-Apr-2019 16:20:00,-25,-158.95,Light - Dawn,,,80,5071,,91.3672648132141,,
47618_SIL_F,47618,16-Apr-2019 00:00:00,-25.05,-158.975,None,,,,,,,16-Apr-2019 16:51:14,17-Apr-2019 04:19:44
47618_SIL_F,47618,16-Apr-2019 04:01:15,-25.075,-158.975,Light - Dusk,,,16,5071,,90.0596569004967,,
47618_SIL_F,47618,16-Apr-2019 12:00:00,-25.175,-158.925,None,,,,,,,,
47618_SIL_F,47618,16-Apr-2019 15:00:00,-25.275,-158.9,SST,25.5,25.4187490940094,0,5244,,80.0656097348305,,
47618_SIL_F,47618,16-Apr-2019 16:16:15,-25.275,-158.9,Light - Dawn,,,16,5244,,60.8212242597176,,
47618_SIL_F,47618,17-Apr-2019 00:00:00,-25.325,-158.825,None,,,,,,,17-Apr-2019 16:51:19,18-Apr-2019 04:17:59
47618_SIL_F,47618,17-Apr-2019 03:58:45,-25.4,-158.775,Light - Dusk,,,48,5244,,79.3949021032647,,
47618_SIL_F,47618,17-Apr-2019 12:00:00,-25.625,-158.675,None,,,,,,,,
47618_SIL_F,47618,17-Apr-2019 13:00:00,-25.625,-158.675,SST,25.1,25.1229166984558,1,5310,,75.2746044993021,,
47618_SIL_F,47618,17-Apr-2019 16:25:00,-25.65,-158.7,Light - Dawn,,,80,5310,,94.472415281381,,
47618_SIL_F,47618,18-Apr-2019 00:00:00,-25.75,-158.7,None,,,,,,,18-Apr-2019 16:51:40,19-Apr-2019 04:16:11
47618_SIL_F,47618,18-Apr-2019 03:36:15,-25.8,-158.675,Light - Dusk,,,16,5303,,62.2457530941318,,
47618_SIL_F,47618,18-Apr-2019 12:00:00,-26.05,-158.75,SST,24.3,24.3749990463257,1,5547,,44.259103519515,,
47618_SIL_F,47618,18-Apr-2019 16:28:45,-25.925,-158.85,Light - Dawn,,,48,5225,,72.8636440235725,,
47618_SIL_F,47618,19-Apr-2019 00:00:00,-25.875,-158.9,None,,,,,,,19-Apr-2019 16:53:04,20-Apr-2019 04:15:58
47618_SIL_F,47618,19-Apr-2019 04:12:30,-25.875,-158.95,Light - Dusk,,,16,5225,,93.5244857202923,,
47618_SIL_F,47618,19-Apr-2019 12:00:00,-25.9,-159,None,,,,,,,,
47618_SIL_F,47618,19-Apr-2019 14:00:00,-25.925,-159,SST,24.4,24.5624998410543,1,5225,,56.6815525738115,,
47618_SIL_F,47618,19-Apr-2019 16:31:15,-25.85,-159.025,Light - Dawn,,,48,5312,,92.8379696657088,,
47618_SIL_F,47618,20-Apr-2019 00:00:00,-25.7,-159.05,None,,,,,,,20-Apr-2019 16:53:58,21-Apr-2019 04:15:50
47618_SIL_F,47618,20-Apr-2019 03:55:00,-25.625,-159.075,Light - Dusk,,,112,5307,,87.3524818388499,,
47618_SIL_F,47618,20-Apr-2019 12:00:00,-25.525,-159.1,None,,,,,,,,
47618_SIL_F,47618,20-Apr-2019 16:21:15,-25.475,-159.125,Light - Dawn,,,16,5221,,54.6683307401232,,
47618_SIL_F,47618,20-Apr-2019 17:00:00,-25.475,-159.125,SST,25.1,25.0399990081787,1,5221,,75.7203642170462,,
47618_SIL_F,47618,21-Apr-2019 00:00:00,-25.425,-159.125,None,,,,,,,21-Apr-2019 16:54:28,22-Apr-2019 04:15:33
47618_SIL_F,47618,21-Apr-2019 03:55:00,-25.4,-159.125,Light - Dusk,,,48,5221,,79.0715467547423,,
47618_SIL_F,47618,21-Apr-2019 12:00:00,-25.35,-159.125,None,,,,,,,,
47618_SIL_F,47618,21-Apr-2019 16:15:00,-25.35,-159.125,Light - Dawn,,,80,5221,,96.0160502944443,,
47618_SIL_F,47618,22-Apr-2019 00:00:00,-25.325,-159.175,None,,,,,,,22-Apr-2019 16:55:02,23-Apr-2019 04:14:59
47618_SIL_F,47618,22-Apr-2019 03:57:30,-25.325,-159.2,Light - Dusk,,,48,5221,,92.1731499794424,,
47618_SIL_F,47618,22-Apr-2019 12:00:00,-25.375,-159.275,None,,,,,,,,
47618_SIL_F,47618,22-Apr-2019 15:00:00,-25.5,-159.275,SST,24.9,24.9462502002716,1,5323,,77.1901431490537,,
47618_SIL_F,47618,22-Apr-2019 16:18:45,-25.425,-159.3,Light - Dawn,,,80,5239,,95.6580376440663,,
47618_SIL_F,47618,23-Apr-2019 00:00:00,-25.275,-159.275,None,,,,,,,23-Apr-2019 16:55:51,24-Apr-2019 04:14:36
47618_SIL_F,47618,23-Apr-2019 04:16:15,-25.25,-159.275,Light - Dusk,,,48,5301,,98.2307879971228,,
47618_SIL_F,47618,23-Apr-2019 12:00:00,-25.2,-159.325,None,,,,,,,,
47618_SIL_F,47618,23-Apr-2019 16:00:00,-25.225,-159.35,SST,25.1,25.0566660563151,1,5301,,82.5916029386096,,
47618_SIL_F,47618,23-Apr-2019 16:23:45,-25.225,-159.35,Light - Dawn,,,48,5301,,73.2745462820344,,
47618_SIL_F,47618,24-Apr-2019 00:00:00,-25.15,-159.35,None,,,,,,,24-Apr-2019 16:56:30,25-Apr-2019 04:14:13
47618_SIL_F,47618,24-Apr-2019 03:56:15,-25.125,-159.375,Light - Dusk,,,16,5301,,92.1002834247804,,
47618_SIL_F,47618,24-Apr-2019 12:00:00,-25.125,-159.425,None,,,,,,,,
47618_SIL_F,47618,24-Apr-2019 15:00:00,-25.125,-159.45,SST,25.1,25.0087494850159,1,5301,,79.8657232932433,,
47618_SIL_F,47618,24-Apr-2019 16:15:00,-25.125,-159.45,Light - Dawn,,,48,5301,,95.3998523901955,,
47618_SIL_F,47618,25-Apr-2019 00:00:00,-25.125,-159.525,None,,,,,,,25-Apr-2019 16:57:38,26-Apr-2019 04:14:07
47618_SIL_F,47618,25-Apr-2019 04:05:00,-25.125,-159.55,Light - Dusk,,,48,5418,,95.8684654745971,,
47618_SIL_F,47618,25-Apr-2019 12:00:00,-25.125,-159.625,None,,,,,,,,
47618_SIL_F,47618,25-Apr-2019 14:00:00,-25.125,-159.65,SST,25.4,24.8849992752075,1,5418,,43.7441556006575,,
47618_SIL_F,47618,25-Apr-2019 16:18:45,-25.15,-159.675,Light - Dawn,,,112,5418,,91.0197113987868,,
47618_SIL_F,47618,26-Apr-2019 00:00:00,-25.225,-159.8,None,,,,,,,26-Apr-2019 16:59:20,27-Apr-2019 04:14:19
47618_SIL_F,47618,26-Apr-2019 03:45:00,-25.275,-159.875,Light - Dusk,,,48,5465,,93.9077266764321,,
47618_SIL_F,47618,26-Apr-2019 10:00:00,-25.225,-160.075,SST,24.5,24.4233323733012,1,5330,,76.2983590561852,,
47618_SIL_F,47618,26-Apr-2019 12:00:00,-25.3,-160.025,None,,,,,,,,
47618_SIL_F,47618,26-Apr-2019 16:13:45,-25.35,-160.05,Light - Dawn,,,48,5329,,96.6097819599317,,
47618_SIL_F,47618,27-Apr-2019 00:00:00,-25.375,-160.1,None,,,,,,,27-Apr-2019 17:01:11,28-Apr-2019 04:14:33
47618_SIL_F,47618,27-Apr-2019 04:02:30,-25.375,-160.125,Light - Dusk,,,48,5329,,93.893494453514,,
47618_SIL_F,47618,27-Apr-2019 10:00:00,-25.35,-160.15,SST,24.4,24.26833264033,1,5329,,80.0956453153332,,
47618_SIL_F,47618,27-Apr-2019 12:00:00,-25.375,-160.175,None,,,,,,,,
47618_SIL_F,47618,27-Apr-2019 16:18:45,-25.4,-160.25,Light - Dawn,,,144,5441,,92.9293884562484,,
47618_SIL_F,47618,28-Apr-2019 00:00:00,-25.375,-160.375,None,,,,,,,28-Apr-2019 17:02:46,29-Apr-2019 04:14:52
47618_SIL_F,47618,28-Apr-2019 04:08:45,-25.375,-160.425,Light - Dusk,,,16,5441,,96.428706707151,,
47618_SIL_F,47618,28-Apr-2019 10:00:00,-25.35,-160.45,SST,24,23.9649999936422,1,5441,,82.0998241605155,,
47618_SIL_F,47618,28-Apr-2019 12:00:00,-25.35,-160.475,None,,,,,,,,
47618_SIL_F,47618,28-Apr-2019 16:11:15,-25.35,-160.525,Light - Dawn,,,48,5415,,92.5911960546636,,
47618_SIL_F,47618,29-Apr-2019 00:00:00,-25.35,-160.55,None,,,,,,,29-Apr-2019 17:03:56,30-Apr-2019 04:14:50
47618_SIL_F,47618,29-Apr-2019 04:00:00,-25.35,-160.575,Light - Dusk,,,48,5415,,97.0827490759574,,
47618_SIL_F,47618,29-Apr-2019 10:00:00,-25.325,-160.575,SST,23.8,23.8383334477743,1,5415,,64.3207593037732,,
47618_SIL_F,47618,29-Apr-2019 12:00:00,-25.325,-160.575,None,,,,,,,,
47618_SIL_F,47618,29-Apr-2019 16:18:45,-25.325,-160.55,Light - Dawn,,,80,5415,,84.3503196968159,,
47618_SIL_F,47618,30-Apr-2019 00:00:00,-25.325,-160.525,None,,,,,,,30-Apr-2019 17:04:17,01-May-2019 04:14:01
47618_SIL_F,47618,30-Apr-2019 04:01:15,-25.325,-160.5,Light - Dusk,,,48,5441,,94.7378580969458,,
47618_SIL_F,47618,30-Apr-2019 09:00:00,-25.3,-160.475,SST,23.8,23.9699985980988,1,5441,,55.3394361038011,,
47618_SIL_F,47618,30-Apr-2019 12:00:00,-25.3,-160.425,None,,,,,,,,
47618_SIL_F,47618,30-Apr-2019 15:57:30,-25.275,-160.35,Light - Dawn,,,80,5441,,95.7995149431002,,
47618_SIL_F,47618,01-May-2019 00:00:00,-25.25,-160.2,None,,,,,,,01-May-2019 17:03:23,02-May-2019 04:12:05
47618_SIL_F,47618,01-May-2019 04:15:00,-25.225,-160.125,Light - Dusk,,,16,5330,,95.06692088522,,
47618_SIL_F,47618,01-May-2019 11:00:00,-25.225,-159.95,SST,24.8,24.7570829391479,1,5406,,74.6168260008977,,
47618_SIL_F,47618,01-May-2019 12:00:00,-25.2,-159.95,None,,,,,,,,
47618_SIL_F,47618,01-May-2019 16:08:45,-25.225,-159.925,Light - Dawn,,,48,5406,,94.4313207082036,,
47618_SIL_F,47618,02-May-2019 00:00:00,-25.2,-159.875,None,,,,,,,02-May-2019 17:02:30,03-May-2019 04:10:09
47618_SIL_F,47618,02-May-2019 03:50:00,-25.2,-159.85,Light - Dusk,,,48,5406,,75.4903707397106,,
47618_SIL_F,47618,02-May-2019 09:00:00,-25.2,-159.85,SST,25,24.9974999427795,0,5406,,75.0639459066298,,
47618_SIL_F,47618,02-May-2019 12:00:00,-25.15,-159.8,None,,,,,,,,
47618_SIL_F,47618,02-May-2019 16:12:30,-25.1,-159.75,Light - Dawn,,,432,5406,,58.4514213827099,,
47618_SIL_F,47618,03-May-2019 00:00:00,-25,-159.625,None,,,,,,,03-May-2019 17:01:43,04-May-2019 04:08:43
47618_SIL_F,47618,03-May-2019 04:08:45,-24.9,-159.6,Light - Dusk,,,368,5230,,3.40105406128656,,
47618_SIL_F,47618,03-May-2019 09:00:00,-24.925,-159.575,SST,25.3,25.2449994087219,1,5230,,80.3607079094746,,
47618_SIL_F,47618,03-May-2019 12:00:00,-24.875,-159.6,None,,,,,,,,
47618_SIL_F,47618,03-May-2019 16:06:15,-24.825,-159.6,Light - Dawn,,,80,5230,,94.4839278215846,,
47618_SIL_F,47618,04-May-2019 00:00:00,-24.7,-159.65,None,,,,,,,04-May-2019 17:01:54,05-May-2019 04:08:34
47618_SIL_F,47618,04-May-2019 03:58:45,-24.675,-159.65,Light - Dusk,,,48,5335,,90.4477437622924,,
47618_SIL_F,47618,04-May-2019 10:00:00,-24.6,-159.675,SST,25.4,25.2124991416931,0,5335,,75.2560261898129,,
47618_SIL_F,47618,04-May-2019 12:00:00,-24.575,-159.675,None,,,,,,,,
47618_SIL_F,47618,04-May-2019 16:11:15,-24.55,-159.65,Light - Dawn,,,80,5335,,86.9962458368168,,
47618_SIL_F,47618,05-May-2019 00:00:00,-24.475,-159.625,None,,,,,,,05-May-2019 17:01:58,06-May-2019 04:08:08
47618_SIL_F,47618,05-May-2019 03:36:15,-24.45,-159.6,Light - Dusk,,,48,5102,,82.1728408626993,,
47618_SIL_F,47618,05-May-2019 09:00:00,-24.375,-159.55,SST,25.4,25.2462499141693,0,5102,,73.4876568474887,,
47618_SIL_F,47618,05-May-2019 12:00:00,-24.375,-159.425,None,,,,,,,,
47618_SIL_F,47618,05-May-2019 16:08:45,-24.225,-159.35,Light - Dawn,,,176,4983,,19.7953637717107,,
47618_SIL_F,47618,06-May-2019 00:00:00,-24.325,-159.6,None,,,,,,,06-May-2019 17:02:08,07-May-2019 04:07:37
47618_SIL_F,47618,06-May-2019 04:05:00,-24.35,-159.725,Light - Dusk,,,48,5102,,94.910576669033,,
47618_SIL_F,47618,06-May-2019 10:00:00,-24.375,-159.925,SST,25.6,25.2499996821086,0,5023,,59.4976792221623,,
47618_SIL_F,47618,06-May-2019 12:00:00,-24.4,-159.975,None,,,,,,,,
47618_SIL_F,47618,06-May-2019 16:10:00,-24.45,-160.1,Light - Dawn,,,80,5160,,81.6524000722038,,
47618_SIL_F,47618,07-May-2019 00:00:00,-24.525,-160.275,None,,,,,,,07-May-2019 17:05:36,08-May-2019 04:09:25
47618_SIL_F,47618,07-May-2019 03:58:45,-24.575,-160.35,Light - Dusk,,,48,5184,,95.6227218520043,,
47618_SIL_F,47618,07-May-2019 12:00:00,-24.625,-160.475,SST,25.1,24.9200000762939,1,5184,,65.0135014396359,,
47618_SIL_F,47618,07-May-2019 16:12:30,-24.7,-160.625,Light - Dawn,,,80,5173,,94.9557512135067,,
47618_SIL_F,47618,08-May-2019 00:00:00,-24.875,-160.825,None,,,,,,,08-May-2019 17:08:48,09-May-2019 04:10:31
47618_SIL_F,47618,08-May-2019 04:00:00,-24.95,-160.925,Light - Dusk,,,48,5187,,96.9098752634667,,
47618_SIL_F,47618,08-May-2019 12:00:00,-25.125,-161.1,None,,,,,,,,
47618_SIL_F,47618,08-May-2019 14:00:00,-25.15,-161.125,SST,24.3,24.3291657765706,1,4985,,71.798957721259,,
47618_SIL_F,47618,08-May-2019 16:17:30,-25.175,-161.2,Light - Dawn,,,80,4985,,94.8470638836421,,
47618_SIL_F,47618,09-May-2019 00:00:00,-25.3,-161.4,None,,,,,,,09-May-2019 17:12:15,10-May-2019 04:11:35
47618_SIL_F,47618,09-May-2019 04:18:45,-25.375,-161.425,Light - Dusk,,,16,5083,,98.9679730766652,,
47618_SIL_F,47618,09-May-2019 12:00:00,-25.425,-161.55,None,,,,,,,,
47618_SIL_F,47618,09-May-2019 15:00:00,-25.475,-161.525,SST,24.3,24.4624991416931,0,5044,,69.6680260952245,,
47618_SIL_F,47618,09-May-2019 16:25:00,-25.475,-161.55,Light - Dawn,,,48,5044,,96.8785170431152,,
47618_SIL_F,47618,10-May-2019 00:00:00,-25.5,-161.65,None,,,,,,,10-May-2019 17:14:04,11-May-2019 04:11:41
47618_SIL_F,47618,10-May-2019 04:05:00,-25.55,-161.7,Light - Dusk,,,48,5210,,88.8276059987444,,
47618_SIL_F,47618,10-May-2019 12:00:00,-25.625,-161.725,None,,,,,,,,
47618_SIL_F,47618,10-May-2019 15:00:00,-25.65,-161.7,SST,24.3,24.2699990272522,1,5210,,79.6816280859187,,
47618_SIL_F,47618,10-May-2019 16:28:45,-25.65,-161.75,Light - Dawn,,,48,5367,,96.7253924334098,,
47618_SIL_F,47618,11-May-2019 00:00:00,-25.7,-161.875,None,,,,,,,11-May-2019 17:15:47,12-May-2019 04:11:42
47618_SIL_F,47618,11-May-2019 03:56:15,-25.725,-161.9,Light - Dusk,,,16,5367,,82.5326452489718,,
47618_SIL_F,47618,11-May-2019 09:00:00,-25.775,-161.95,SST,24.2,24.097499370575,1,5425,,82.442072787976,,
47618_SIL_F,47618,11-May-2019 12:00:00,-25.75,-162,None,,,,,,,,
47618_SIL_F,47618,11-May-2019 16:30:00,-25.75,-162.05,Light - Dawn,,,48,5508,,71.5986873244203,,
47618_SIL_F,47618,12-May-2019 00:00:00,-25.75,-162.1,None,,,,,,,12-May-2019 17:17:17,13-May-2019 04:11:59
47618_SIL_F,47618,12-May-2019 04:05:00,-25.75,-162.125,Light - Dusk,,,16,5508,,13.5366225787592,,
47618_SIL_F,47618,12-May-2019 11:00:00,-25.775,-162.325,SST,24.3,24.0762498378754,0,5636,,74.8466165239062,,
47618_SIL_F,47618,12-May-2019 12:00:00,-25.775,-162.325,None,,,,,,,,
47618_SIL_F,47618,12-May-2019 16:42:30,-25.75,-162.425,Light - Dawn,,,48,5627,,48.5701597499488,,
47618_SIL_F,47618,13-May-2019 00:00:00,-25.75,-162.525,None,,,,,,,13-May-2019 17:19:30,14-May-2019 04:13:09
47618_SIL_F,47618,13-May-2019 04:05:00,-25.775,-162.575,Light - Dusk,,,16,5554,,96.6732697042403,,
47618_SIL_F,47618,13-May-2019 12:00:00,-25.8,-162.675,None,,,,,,,,
47618_SIL_F,47618,13-May-2019 16:00:00,-25.825,-162.775,SST,23.8,23.736665725708,1,5650,,66.7920287924966,,
47618_SIL_F,47618,13-May-2019 16:43:45,-25.825,-162.775,Light - Dawn,,,48,5650,,82.6815846878932,,
47618_SIL_F,47618,14-May-2019 00:00:00,-25.7,-162.725,None,,,,,,,14-May-2019 17:20:45,15-May-2019 04:13:31
47618_SIL_F,47618,14-May-2019 03:53:45,-25.65,-162.7,Light - Dusk,,,16,5584,,94.8854129307843,,
47618_SIL_F,47618,14-May-2019 12:00:00,-25.55,-162.675,None,,,,,,,,
47618_SIL_F,47618,14-May-2019 16:00:00,-25.475,-162.675,SST,24.1,23.9933325449626,0,5577,,78.4758696147912,,
47618_SIL_F,47618,14-May-2019 16:38:45,-25.475,-162.675,Light - Dawn,,,48,5577,,97.2474959026057,,
47618_SIL_F,47618,15-May-2019 00:00:00,-25.45,-162.725,None,,,,,,,15-May-2019 17:20:51,16-May-2019 04:13:26
47618_SIL_F,47618,15-May-2019 03:51:15,-25.425,-162.75,Light - Dusk,,,16,5607,,68.9120901059765,,
47618_SIL_F,47618,15-May-2019 12:00:00,-25.4,-162.725,None,,,,,,,,
47618_SIL_F,47618,15-May-2019 15:00:00,-25.375,-162.7,SST,24,23.8099987506866,1,5577,,78.2562590043262,,
47618_SIL_F,47618,15-May-2019 16:47:30,-25.375,-162.725,Light - Dawn,,,80,5577,,90.0321171333007,,
47618_SIL_F,47618,16-May-2019 00:00:00,-25.4,-162.775,None,,,,,,,16-May-2019 17:21:28,17-May-2019 04:13:15
47618_SIL_F,47618,16-May-2019 03:41:15,-25.4,-162.8,Light - Dusk,,,80,5607,,89.5243644285654,,
47618_SIL_F,47618,16-May-2019 12:00:00,-25.4,-162.775,None,,,,,,,,
47618_SIL_F,47618,16-May-2019 16:00:00,-25.375,-162.725,SST,23.9,23.7733319600423,1,5577,,81.6159504423975,,
47618_SIL_F,47618,16-May-2019 16:47:30,-25.375,-162.725,Light - Dawn,,,112,5577,,85.8800860275182,,
47618_SIL_F,47618,17-May-2019 00:00:00,-25.4,-162.775,None,,,,,,,17-May-2019 17:21:59,18-May-2019 04:12:48
47618_SIL_F,47618,17-May-2019 03:56:15,-25.425,-162.75,Light - Dusk,,,16,5607,,92.4832069833988,,
47618_SIL_F,47618,17-May-2019 12:00:00,-25.425,-162.675,None,,,,,,,,
47618_SIL_F,47618,17-May-2019 15:00:00,-25.4,-162.65,SST,24,23.7449991703033,2,5577,,75.9754525712392,,
47618_SIL_F,47618,17-May-2019 16:51:15,-25.425,-162.65,Light - Dawn,,,48,5577,,86.2201891520871,,
47618_SIL_F,47618,18-May-2019 00:00:00,-25.475,-162.65,None,,,,,,,18-May-2019 17:22:07,19-May-2019 04:11:45
47618_SIL_F,47618,18-May-2019 04:05:00,-25.5,-162.65,Light - Dusk,,,16,5584,,72.5103457370552,,
47618_SIL_F,47618,18-May-2019 12:00:00,-25.525,-162.6,None,,,,,,,,
47618_SIL_F,47618,18-May-2019 13:00:00,-25.525,-162.6,SST,23.9,23.6462495326996,1,5584,,80.5454777215672,,
47618_SIL_F,47618,18-May-2019 16:56:15,-25.525,-162.625,Light - Dawn,,,48,5584,,91.1601294127201,,
47618_SIL_F,47618,19-May-2019 00:00:00,-25.55,-162.675,None,,,,,,,19-May-2019 17:22:52,20-May-2019 04:11:18
47618_SIL_F,47618,19-May-2019 03:51:15,-25.575,-162.675,Light - Dusk,,,48,5584,,94.7899259574789,,
47618_SIL_F,47618,19-May-2019 12:00:00,-25.6,-162.675,None,,,,,,,,
47618_SIL_F,47618,19-May-2019 16:00:00,-25.625,-162.65,SST,23.9,23.7133331298828,3,5584,,80.3975703019419,,
47618_SIL_F,47618,19-May-2019 16:50:00,-25.625,-162.65,Light - Dawn,,,48,5584,,94.0448849962808,,
47618_SIL_F,47618,20-May-2019 00:00:00,-25.675,-162.725,None,,,,,,,20-May-2019 17:23:48,21-May-2019 04:10:53
47618_SIL_F,47618,20-May-2019 03:57:30,-25.7,-162.75,Light - Dusk,,,48,5746,,96.1054900123185,,
47618_SIL_F,47618,20-May-2019 12:00:00,-25.8,-162.8,SST,23.7,23.5949993133545,1,5650,,80.8354728889498,,
47618_SIL_F,47618,20-May-2019 16:47:30,-25.825,-162.8,Light - Dawn,,,48,5650,,92.5380694317654,,
47618_SIL_F,47618,21-May-2019 00:00:00,-25.875,-162.825,None,,,,,,,21-May-2019 17:25:04,22-May-2019 04:10:33
47618_SIL_F,47618,21-May-2019 03:58:45,-25.9,-162.825,Light - Dusk,,,16,5650,,95.912754197461,,
47618_SIL_F,47618,21-May-2019 12:00:00,-26.025,-162.85,None,,,,,,,,
47618_SIL_F,47618,21-May-2019 15:00:00,-26.075,-162.9,SST,23.5,23.5049993991852,1,5664,,75.2996627259466,,
47618_SIL_F,47618,21-May-2019 16:47:30,-26.075,-162.875,Light - Dawn,,,48,5664,,94.5271082313427,,
47618_SIL_F,47618,22-May-2019 00:00:00,-26.075,-162.9,None,,,,,,,22-May-2019 17:26:15,23-May-2019 04:10:08
47618_SIL_F,47618,22-May-2019 03:55:00,-26.075,-162.925,Light - Dusk,,,112,5664,,91.3552113596592,,
47618_SIL_F,47618,22-May-2019 12:00:00,-26.175,-163,None,,,,,,,,
47618_SIL_F,47618,22-May-2019 16:00:00,-26.325,-163.1,SST,23.1,23.1466655731201,1,5733,,61.8535242218251,,
47618_SIL_F,47618,22-May-2019 16:42:30,-26.325,-163.1,Light - Dawn,,,48,5733,,95.8496342929256,,
47618_SIL_F,47618,23-May-2019 00:00:00,-26.125,-163.05,None,,,,,,,23-May-2019 17:27:27,24-May-2019 04:10:17
47618_SIL_F,47618,23-May-2019 04:00:00,-26.1,-163.075,Light - Dusk,,,48,5743,,95.0224576443396,,
47618_SIL_F,47618,23-May-2019 12:00:00,-26.15,-163.125,None,,,,,,,,
47618_SIL_F,47618,23-May-2019 14:00:00,-26.25,-163.125,SST,23.1,23.2516662279765,2,5743,,69.0127507763483,,
47618_SIL_F,47618,23-May-2019 16:40:00,-26.1,-163.15,Light - Dawn,,,48,5743,,96.8569111671767,,
47618_SIL_F,47618,24-May-2019 00:00:00,-25.95,-163.175,None,,,,,,,24-May-2019 17:28:08,25-May-2019 04:10:48
47618_SIL_F,47618,24-May-2019 03:58:45,-25.9,-163.225,Light - Dusk,,,48,5735,,89.6789662486176,,
47618_SIL_F,47618,24-May-2019 12:00:00,-25.85,-163.3,None,,,,,,,,
47618_SIL_F,47618,24-May-2019 16:00:00,-25.85,-163.325,SST,23.7,23.1333332061768,1,5719,,48.6696831609804,,
47618_SIL_F,47618,24-May-2019 16:41:15,-25.85,-163.325,Light - Dawn,,,48,5719,,68.5654297678629,,
47618_SIL_F,47618,25-May-2019 00:00:00,-25.775,-163.35,None,,,,,,,25-May-2019 17:29:00,26-May-2019 04:11:32
47618_SIL_F,47618,25-May-2019 03:48:45,-25.75,-163.375,Light - Dusk,,,48,5639,,93.5406263820248,,
47618_SIL_F,47618,25-May-2019 12:00:00,-25.7,-163.4,None,,,,,,,,
47618_SIL_F,47618,25-May-2019 16:00:00,-25.7,-163.425,SST,23.4,23.1333325703939,1,5639,,71.1289900825542,,
47618_SIL_F,47618,25-May-2019 16:41:15,-25.7,-163.425,Light - Dawn,,,16,5639,,93.3410627164767,,
47618_SIL_F,47618,26-May-2019 00:00:00,-25.725,-163.425,None,,,,,,,26-May-2019 17:29:42,27-May-2019 04:11:39
47618_SIL_F,47618,26-May-2019 03:47:30,-25.75,-163.425,Light - Dusk,,,16,5639,,92.6471846109721,,
47618_SIL_F,47618,26-May-2019 12:00:00,-25.8,-163.45,None,,,,,,,,
47618_SIL_F,47618,26-May-2019 14:00:00,-25.8,-163.475,SST,23.2,23.0666662851969,1,5719,,82.2975605832332,,
47618_SIL_F,47618,26-May-2019 16:46:15,-25.8,-163.475,Light - Dawn,,,48,5719,,93.7563663279829,,
47618_SIL_F,47618,27-May-2019 00:00:00,-25.825,-163.525,None,,,,,,,27-May-2019 17:30:47,28-May-2019 04:11:37
47618_SIL_F,47618,27-May-2019 03:55:00,-25.825,-163.55,Light - Dusk,,,48,5508,,93.5239110904166,,
47618_SIL_F,47618,27-May-2019 10:00:00,-25.85,-163.6,SST,23.1,22.968331972758,1,5508,,78.3596596175741,,
47618_SIL_F,47618,27-May-2019 12:00:00,-25.85,-163.6,None,,,,,,,,
47618_SIL_F,47618,27-May-2019 16:42:30,-25.875,-163.625,Light - Dawn,,,16,5508,,52.9489701201129,,
47618_SIL_F,47618,28-May-2019 00:00:00,-25.85,-163.575,None,,,,,,,28-May-2019 17:31:31,29-May-2019 04:11:32
47618_SIL_F,47618,28-May-2019 03:55:00,-25.85,-163.525,Light - Dusk,,,48,5508,,97.1257922117639,,
47618_SIL_F,47618,28-May-2019 11:00:00,-25.85,-163.5,SST,22.9,22.7783331076304,1,5719,,76.4792402783161,,
47618_SIL_F,47618,28-May-2019 12:00:00,-25.85,-163.475,None,,,,,,,,
47618_SIL_F,47618,28-May-2019 16:32:30,-25.8,-163.425,Light - Dawn,,,48,5719,,88.505816336643,,
47618_SIL_F,47618,29-May-2019 00:00:00,-25.775,-163.375,None,,,,,,,29-May-2019 17:31:03,30-May-2019 04:10:40
47618_SIL_F,47618,29-May-2019 03:36:15,-25.75,-163.35,Light - Dusk,,,48,5639,,90.3295954841376,,
47618_SIL_F,47618,29-May-2019 09:00:00,-25.675,-163.35,SST,23.1,22.9512488842011,1,5639,,75.2552034492312,,
47618_SIL_F,47618,29-May-2019 12:00:00,-25.7,-163.3,None,,,,,,,,
47618_SIL_F,47618,29-May-2019 16:30:00,-25.675,-163.225,Light - Dawn,,,80,5688,,90.9217111652421,,
47618_SIL_F,47618,30-May-2019 00:00:00,-25.65,-163.175,None,,,,,,,30-May-2019 17:30:29,31-May-2019 04:09:55
47618_SIL_F,47618,30-May-2019 03:42:30,-25.625,-163.15,Light - Dusk,,,80,5688,,22.5777119650674,,
47618_SIL_F,47618,30-May-2019 09:00:00,-25.55,-163.175,SST,23,22.8137495517731,1,5688,,81.7037527352997,,
47618_SIL_F,47618,30-May-2019 12:00:00,-25.55,-163.125,None,,,,,,,,
47618_SIL_F,47618,30-May-2019 16:38:45,-25.5,-163.125,Light - Dawn,,,144,5688,,61.2412673505303,,
47618_SIL_F,47618,31-May-2019 00:00:00,-25.4,-163.05,None,,,,,,,31-May-2019 17:29:57,01-Jun-2019 04:09:45
47618_SIL_F,47618,31-May-2019 04:00:00,-25.35,-163,Light - Dusk,,,80,5607,,95.0302606693701,,
47618_SIL_F,47618,31-May-2019 12:00:00,-25.2,-162.825,None,,,,,,,,
47618_SIL_F,47618,31-May-2019 13:00:00,-25.225,-162.75,SST,23.5,23.3708329995473,1,5574,,78.0012377903514,,
47618_SIL_F,47618,31-May-2019 16:28:45,-25.175,-162.85,Light - Dawn,,,144,5574,,96.0057571696874,,
47618_SIL_F,47618,01-Jun-2019 00:00:00,-25.125,-162.85,None,,,,,,,01-Jun-2019 17:29:04,02-Jun-2019 04:09:21
47618_SIL_F,47618,01-Jun-2019 03:55:00,-25.075,-162.8,Light - Dusk,,,48,5574,,92.987854268905,,
47618_SIL_F,47618,01-Jun-2019 09:00:00,-25.05,-162.725,SST,23.6,23.5012493133545,1,5580,,83.8887342760462,,
47618_SIL_F,47618,01-Jun-2019 12:00:00,-25,-162.75,None,,,,,,,,
47618_SIL_F,47618,01-Jun-2019 16:27:30,-24.95,-162.75,Light - Dawn,,,48,5561,,91.5723150661975,,
47618_SIL_F,47618,02-Jun-2019 00:00:00,-24.85,-162.725,None,,,,,,,02-Jun-2019 17:28:28,03-Jun-2019 04:09:16
47618_SIL_F,47618,02-Jun-2019 03:58:45,-24.775,-162.725,Light - Dusk,,,48,5439,,93.8054623377175,,
47618_SIL_F,47618,02-Jun-2019 12:00:00,-24.65,-162.7,None,,,,,,,,
47618_SIL_F,47618,02-Jun-2019 14:00:00,-24.625,-162.725,SST,23.5,23.6816658973694,1,5419,,70.0040442873603,,
47618_SIL_F,47618,02-Jun-2019 16:28:45,-24.6,-162.65,Light - Dawn,,,48,5419,,92.8856261878958,,
47618_SIL_F,47618,03-Jun-2019 00:00:00,-24.525,-162.5,None,,,,,,,03-Jun-2019 17:27:21,04-Jun-2019 04:08:55
47618_SIL_F,47618,03-Jun-2019 03:53:45,-24.475,-162.425,Light - Dusk,,,48,5402,,95.6601743154185,,
47618_SIL_F,47618,03-Jun-2019 12:00:00,-24.4,-162.225,None,,,,,,,,
47618_SIL_F,47618,03-Jun-2019 16:00:00,-24.35,-162.15,SST,24.7,24.0866667429606,1,5260,,45.3855971752446,,
47618_SIL_F,47618,03-Jun-2019 16:37:30,-24.35,-162.15,Light - Dawn,,,48,5260,,83.7221104877545,,
47618_SIL_F,47618,04-Jun-2019 00:00:00,-24.275,-162.15,None,,,,,,,04-Jun-2019 17:25:52,05-Jun-2019 04:07:57
47618_SIL_F,47618,04-Jun-2019 03:52:30,-24.225,-162.15,Light - Dusk,,,48,5145,,94.1172723721875,,
47618_SIL_F,47618,04-Jun-2019 12:00:00,-24.175,-162.125,None,,,,,,,,
47618_SIL_F,47618,04-Jun-2019 16:00:00,-24.15,-162.125,SST,24.4,24.3966668446859,1,5145,,73.3396836941088,,
47618_SIL_F,47618,04-Jun-2019 16:36:15,-24.15,-162.125,Light - Dawn,,,80,5145,,83.8760851143631,,
47618_SIL_F,47618,05-Jun-2019 00:00:00,-24.025,-162,None,,,,,,,05-Jun-2019 17:25:11,06-Jun-2019 04:07:47
47618_SIL_F,47618,05-Jun-2019 03:51:15,-23.975,-161.95,Light - Dusk,,,112,5050,,95.776192936417,,
47618_SIL_F,47618,05-Jun-2019 12:00:00,-23.85,-161.825,None,,,,,,,,
47618_SIL_F,47618,05-Jun-2019 15:00:00,-23.8,-161.725,SST,24.3,24.5012488365173,1,5169,,55.9895796988973,,
47618_SIL_F,47618,05-Jun-2019 16:28:45,-23.8,-161.75,Light - Dawn,,,304,5050,,16.4213559208234,,
47618_SIL_F,47618,06-Jun-2019 00:00:00,-23.75,-161.925,None,,,,,,,06-Jun-2019 17:24:44,07-Jun-2019 04:08:01
47618_SIL_F,47618,06-Jun-2019 03:57:30,-23.75,-161.975,Light - Dusk,,,80,4947,,95.5640129223777,,
47618_SIL_F,47618,06-Jun-2019 09:00:00,-23.675,-161.95,SST,24.7,24.8237497806549,1,4947,,70.0197213352293,,
47618_SIL_F,47618,06-Jun-2019 12:00:00,-23.65,-162.125,None,,,,,,,,
47618_SIL_F,47618,06-Jun-2019 16:37:30,-23.55,-162.2,Light - Dawn,,,80,5176,,86.3346776607118,,
47618_SIL_F,47618,07-Jun-2019 00:00:00,-23.4,-162.35,None,,,,,,,07-Jun-2019 17:26:08,08-Jun-2019 04:10:24
47618_SIL_F,47618,07-Jun-2019 03:58:45,-23.35,-162.4,Light - Dusk,,,48,5085,,96.300710614113,,
47618_SIL_F,47618,07-Jun-2019 12:00:00,-23.35,-162.55,SST,24.9,24.8049993515015,1,5133,,73.7893259850521,,
47618_SIL_F,47618,07-Jun-2019 16:28:45,-23.15,-162.575,Light - Dawn,,,48,5228,,98.7395514056759,,
47618_SIL_F,47618,08-Jun-2019 00:00:00,-22.95,-162.7,None,,,,,,,08-Jun-2019 17:27:00,09-Jun-2019 04:12:43
47618_SIL_F,47618,08-Jun-2019 04:03:45,-22.85,-162.775,Light - Dusk,,,48,5108,,95.0782087727461,,
47618_SIL_F,47618,08-Jun-2019 12:00:00,-22.725,-162.9,None,,,,,,,,
47618_SIL_F,47618,08-Jun-2019 15:00:00,-22.675,-162.925,SST,25.4,25.2724993228912,1,4941,,75.7458796149519,,
47618_SIL_F,47618,08-Jun-2019 16:48:45,-22.65,-162.95,Light - Dawn,,,80,4941,,80.61938963046,,
47618_SIL_F,47618,09-Jun-2019 00:00:00,-22.575,-163.05,None,,,,,,,09-Jun-2019 17:28:01,10-Jun-2019 04:14:53
47618_SIL_F,47618,09-Jun-2019 04:08:45,-22.55,-163.1,Light - Dusk,,,16,5179,,91.0410025916148,,
47618_SIL_F,47618,09-Jun-2019 12:00:00,-22.475,-163.175,None,,,,,,,,
47618_SIL_F,47618,09-Jun-2019 13:00:00,-22.475,-163.175,SST,25.5,25.2949992815653,1,5193,,75.2714467361182,,
47618_SIL_F,47618,09-Jun-2019 16:56:15,-22.45,-163.225,Light - Dawn,,,80,5193,,90.8440732000229,,
47618_SIL_F,47618,10-Jun-2019 00:00:00,-22.425,-163.35,None,,,,,,,10-Jun-2019 17:29:17,11-Jun-2019 04:16:26
47618_SIL_F,47618,10-Jun-2019 04:08:45,-22.45,-163.4,Light - Dusk,,,48,5169,,95.7038212778866,,
47618_SIL_F,47618,10-Jun-2019 10:00:00,-22.525,-163.475,SST,25.1,25.0516659418742,1,5163,,71.1225201880849,,
47618_SIL_F,47618,10-Jun-2019 12:00:00,-22.475,-163.475,None,,,,,,,,
47618_SIL_F,47618,10-Jun-2019 16:55:00,-22.375,-163.525,Light - Dawn,,,176,5192,,82.5579177117981,,
47618_SIL_F,47618,11-Jun-2019 00:00:00,-22.325,-163.575,None,,,,,,,11-Jun-2019 17:30:19,12-Jun-2019 04:17:37
47618_SIL_F,47618,11-Jun-2019 04:22:30,-22.3,-163.6,Light - Dusk,,,80,5192,,97.0036502643477,,
47618_SIL_F,47618,11-Jun-2019 12:00:00,-22.3,-163.625,None,,,,,,,,
47618_SIL_F,47618,11-Jun-2019 14:00:00,-22.325,-163.65,SST,25.1,25.1458331743876,0,5192,,68.2553771582503,,
47618_SIL_F,47618,11-Jun-2019 16:53:45,-22.25,-163.7,Light - Dawn,,,80,5184,,97.5578108768715,,
47618_SIL_F,47618,12-Jun-2019 00:00:00,-22.1,-163.825,None,,,,,,,12-Jun-2019 17:31:12,13-Jun-2019 04:19:09
47618_SIL_F,47618,12-Jun-2019 04:05:00,-22.05,-163.875,Light - Dusk,,,80,5402,,95.5365583034651,,
47618_SIL_F,47618,12-Jun-2019 12:00:00,-22,-164.025,None,,,,,,,,
47618_SIL_F,47618,12-Jun-2019 13:00:00,-22,-164.025,SST,26.1,25.6924993991852,1,5453,,54.7686454022183,,
47618_SIL_F,47618,12-Jun-2019 16:55:00,-21.9,-164.025,Light - Dawn,,,112,5383,,94.6029905184184,,
47618_SIL_F,47618,13-Jun-2019 00:00:00,-21.85,-164.025,None,,,,,,,13-Jun-2019 17:31:49,14-Jun-2019 04:20:33
47618_SIL_F,47618,13-Jun-2019 04:20:00,-21.825,-164.05,Light - Dusk,,,80,5383,,87.459852753141,,
47618_SIL_F,47618,13-Jun-2019 12:00:00,-21.8,-164.075,None,,,,,,,,
47618_SIL_F,47618,13-Jun-2019 13:00:00,-21.8,-164.075,SST,26,25.8570828437805,2,5383,,82.4267642580245,,
47618_SIL_F,47618,13-Jun-2019 16:57:30,-21.775,-164.1,Light - Dawn,,,80,5383,,94.2801884528388,,
47618_SIL_F,47618,14-Jun-2019 00:00:00,-21.7,-164.125,None,,,,,,,14-Jun-2019 17:32:14,15-Jun-2019 04:21:22
47618_SIL_F,47618,14-Jun-2019 03:37:30,-21.675,-164.125,Light - Dusk,,,48,5264,,90.8162070422442,,
47618_SIL_F,47618,14-Jun-2019 12:00:00,-21.65,-164.175,None,,,,,,,,
47618_SIL_F,47618,14-Jun-2019 16:00:00,-21.65,-164.2,SST,26,25.9699986775716,2,5264,,82.607795870614,,
47618_SIL_F,47618,14-Jun-2019 17:01:15,-21.65,-164.175,Light - Dawn,,,80,5264,,78.6760508849909,,
47618_SIL_F,47618,15-Jun-2019 00:00:00,-21.6,-164.175,None,,,,,,,15-Jun-2019 17:32:32,16-Jun-2019 04:21:54
47618_SIL_F,47618,15-Jun-2019 04:08:45,-21.575,-164.175,Light - Dusk,,,48,5264,,89.5036764364339,,
47618_SIL_F,47618,15-Jun-2019 12:00:00,-21.525,-164.125,None,,,,,,,,
47618_SIL_F,47618,15-Jun-2019 15:00:00,-21.525,-164.125,SST,26,25.8149993419647,1,5264,,83.98466540606,,
47618_SIL_F,47618,15-Jun-2019 17:02:30,-21.525,-164.1,Light - Dawn,,,80,5264,,89.4239932003894,,
47618_SIL_F,47618,16-Jun-2019 00:00:00,-21.5,-164.1,None,,,,,,,16-Jun-2019 17:32:19,17-Jun-2019 04:21:57
47618_SIL_F,47618,16-Jun-2019 04:07:30,-21.475,-164.1,Light - Dusk,,,80,5396,,94.5951898939666,,
47618_SIL_F,47618,16-Jun-2019 10:00:00,-21.475,-164.075,SST,26,25.864165465037,2,5396,,81.5777742478015,,
47618_SIL_F,47618,16-Jun-2019 12:00:00,-21.475,-164.075,None,,,,,,,,
47618_SIL_F,47618,16-Jun-2019 17:05:00,-21.5,-164.05,Light - Dawn,,,112,5264,,92.8424094232399,,
47618_SIL_F,47618,17-Jun-2019 00:00:00,-21.5,-164.025,None,,,,,,,17-Jun-2019 17:32:17,18-Jun-2019 04:21:49
47618_SIL_F,47618,17-Jun-2019 04:02:30,-21.525,-164.025,Light - Dusk,,,80,5264,,86.5377686920102,,
47618_SIL_F,47618,17-Jun-2019 12:00:00,-21.575,-164.025,None,,,,,,,,
47618_SIL_F,47618,17-Jun-2019 13:00:00,-21.575,-164.025,SST,25.9,25.8104159832001,1,5264,,84.8813837478771,,
47618_SIL_F,47618,17-Jun-2019 16:58:45,-21.55,-164.025,Light - Dawn,,,80,5264,,83.6414543573229,,
47618_SIL_F,47618,18-Jun-2019 00:00:00,-21.575,-164.025,None,,,,,,,18-Jun-2019 17:32:42,19-Jun-2019 04:21:51
47618_SIL_F,47618,18-Jun-2019 03:51:15,-21.575,-164.05,Light - Dusk,,,112,5264,,92.9171003086125,,
47618_SIL_F,47618,18-Jun-2019 12:00:00,-21.625,-164.05,None,,,,,,,,
47618_SIL_F,47618,18-Jun-2019 16:00:00,-21.725,-164.05,SST,25.9,25.9499994913737,2,5264,,88.2276078771901,,
47618_SIL_F,47618,18-Jun-2019 17:01:15,-21.7,-164.05,Light - Dawn,,,112,5264,,92.3360402688091,,
47618_SIL_F,47618,19-Jun-2019 00:00:00,-21.625,-164.075,None,,,,,,,19-Jun-2019 17:33:15,20-Jun-2019 04:22:08
47618_SIL_F,47618,19-Jun-2019 04:12:30,-21.625,-164.075,Light - Dusk,,,80,5264,,96.4179031665063,,
47618_SIL_F,47618,19-Jun-2019 12:00:00,-21.675,-164.1,None,,,,,,,,
47618_SIL_F,47618,19-Jun-2019 15:00:00,-21.775,-164.1,SST,25.9,25.7949995994568,2,5383,,84.2028884121393,,
47618_SIL_F,47618,19-Jun-2019 17:03:45,-21.7,-164.1,Light - Dawn,,,80,5264,,83.7039413902964,,
47618_SIL_F,47618,20-Jun-2019 00:00:00,-21.675,-164.125,None,,,,,,,20-Jun-2019 17:33:47,21-Jun-2019 04:22:27
47618_SIL_F,47618,20-Jun-2019 03:45:00,-21.675,-164.15,Light - Dusk,,,48,5264,,63.4747044366721,,
47618_SIL_F,47618,20-Jun-2019 12:00:00,-21.8,-164.2,None,,,,,,,,
47618_SIL_F,47618,20-Jun-2019 13:00:00,-21.8,-164.2,SST,25.8,25.6741659641266,1,5383,,81.1610575753228,,
47618_SIL_F,47618,20-Jun-2019 16:53:45,-21.725,-164.25,Light - Dawn,,,80,5379,,92.0097602030008,,
47618_SIL_F,47618,21-Jun-2019 00:00:00,-21.7,-164.35,None,,,,,,,21-Jun-2019 17:34:57,22-Jun-2019 04:23:31
47618_SIL_F,47618,21-Jun-2019 03:55:00,-21.7,-164.4,Light - Dusk,,,80,5379,,17.8883198803056,,
47618_SIL_F,47618,21-Jun-2019 12:00:00,-21.825,-164.45,None,,,,,,,,
47618_SIL_F,47618,21-Jun-2019 16:00:00,-21.875,-164.425,SST,25.8,25.7999998728434,1,5309,,77.3177003259893,,
47618_SIL_F,47618,21-Jun-2019 16:50:00,-21.875,-164.45,Light - Dawn,,,80,5309,,95.8223243386907,,
47618_SIL_F,47618,22-Jun-2019 00:00:00,-21.85,-164.575,None,,,,,,,22-Jun-2019 17:36:22,23-Jun-2019 04:24:20
47618_SIL_F,47618,22-Jun-2019 04:11:15,-21.9,-164.65,Light - Dusk,,,80,5516,,95.922432729614,,
47618_SIL_F,47618,22-Jun-2019 10:00:00,-22.05,-164.75,SST,25.6,25.5699993769328,1,5575,,67.341222808837,,
47618_SIL_F,47618,22-Jun-2019 12:00:00,-22.025,-164.75,None,,,,,,,,
47618_SIL_F,47618,22-Jun-2019 16:50:00,-21.9,-164.775,Light - Dawn,,,80,5416,,95.0003486045805,,
47618_SIL_F,47618,23-Jun-2019 00:00:00,-21.85,-164.85,None,,,,,,,23-Jun-2019 17:37:40,24-Jun-2019 04:25:41
47618_SIL_F,47618,23-Jun-2019 04:02:30,-21.85,-164.875,Light - Dusk,,,48,5416,,94.1071819511184,,
47618_SIL_F,47618,23-Jun-2019 12:00:00,-21.9,-164.975,None,,,,,,,,
47618_SIL_F,47618,23-Jun-2019 16:00:00,-22.025,-165.025,SST,25.4,25.3099994659424,2,5561,,58.9580706553444,,
47618_SIL_F,47618,23-Jun-2019 16:52:30,-22.025,-165.025,Light - Dawn,,,80,5561,,82.7103963381275,,
47618_SIL_F,47618,24-Jun-2019 00:00:00,-21.825,-165.075,None,,,,,,,24-Jun-2019 17:38:42,25-Jun-2019 04:26:53
47618_SIL_F,47618,24-Jun-2019 04:15:00,-21.775,-165.1,Light - Dusk,,,48,5330,,95.4456738346743,,
47618_SIL_F,47618,24-Jun-2019 12:00:00,-21.8,-165.15,SST,25.6,25.4599990844727,1,5330,,75.715240500349,,
47618_SIL_F,47618,24-Jun-2019 16:52:30,-21.675,-165.175,Light - Dawn,,,48,5261,,95.3919318137182,,
47618_SIL_F,47618,25-Jun-2019 00:00:00,-21.575,-165.2,None,,,,,,,25-Jun-2019 17:38:52,26-Jun-2019 04:28:09
47618_SIL_F,47618,25-Jun-2019 04:01:15,-21.55,-165.25,Light - Dusk,,,112,5523,,85.9916791022085,,
47618_SIL_F,47618,25-Jun-2019 12:00:00,-21.5,-165.325,None,,,,,,,,
47618_SIL_F,47618,25-Jun-2019 16:00:00,-21.525,-165.375,SST,25.5,25.4233328501383,1,5523,,83.4443500945118,,
47618_SIL_F,47618,25-Jun-2019 16:46:15,-21.525,-165.375,Light - Dawn,,,80,5523,,83.9628114193305,,
47618_SIL_F,47618,26-Jun-2019 00:00:00,-21.375,-165.425,None,,,,,,,26-Jun-2019 17:39:31,27-Jun-2019 04:29:43
47618_SIL_F,47618,26-Jun-2019 03:46:15,-21.35,-165.45,Light - Dusk,,,112,5438,,93.5431647533276,,
47618_SIL_F,47618,26-Jun-2019 10:00:00,-21.3,-165.55,SST,25.5,25.4066661198934,1,5544,,86.2754289944206,,
47618_SIL_F,47618,26-Jun-2019 12:00:00,-21.275,-165.55,None,,,,,,,,
47618_SIL_F,47618,26-Jun-2019 16:52:30,-21.2,-165.6,Light - Dawn,,,80,5294,,84.1182619940504,,
47618_SIL_F,47618,27-Jun-2019 00:00:00,-21.125,-165.65,None,,,,,,,27-Jun-2019 17:40:03,28-Jun-2019 04:31:24
47618_SIL_F,47618,27-Jun-2019 04:15:00,-21.075,-165.675,Light - Dusk,,,144,5294,,95.3507034228996,,
47618_SIL_F,47618,27-Jun-2019 12:00:00,-20.925,-165.75,None,,,,,,,,
47618_SIL_F,47618,27-Jun-2019 15:00:00,-20.85,-165.8,SST,25.9,25.6249990463257,2,5338,,70.5742003223599,,
47618_SIL_F,47618,27-Jun-2019 16:42:30,-20.85,-165.8,Light - Dawn,,,48,5338,,96.0707433799486,,
47618_SIL_F,47618,28-Jun-2019 00:00:00,-20.85,-165.8,None,,,,,,,28-Jun-2019 17:40:14,29-Jun-2019 04:32:50
47618_SIL_F,47618,28-Jun-2019 04:00:00,-20.825,-165.8,Light - Dusk,,,80,5338,,84.6698942247657,,
47618_SIL_F,47618,28-Jun-2019 11:00:00,-20.675,-165.8,SST,25.9,25.846666097641,1,5343,,78.9401703687,,
47618_SIL_F,47618,28-Jun-2019 12:00:00,-20.675,-165.8,None,,,,,,,,
47618_SIL_F,47618,28-Jun-2019 16:53:45,-20.7,-165.825,Light - Dawn,,,80,5343,,86.3259685804974,,
47618_SIL_F,47618,29-Jun-2019 00:00:00,-20.675,-165.825,None,,,,,,,29-Jun-2019 17:40:06,30-Jun-2019 04:33:35
47618_SIL_F,47618,29-Jun-2019 04:01:15,-20.675,-165.825,Light - Dusk,,,80,5343,,91.7889448691252,,
47618_SIL_F,47618,29-Jun-2019 11:00:00,-20.625,-165.725,SST,25.9,25.8720826307933,2,5261,,76.0536139797293,,
47618_SIL_F,47618,29-Jun-2019 12:00:00,-20.625,-165.75,None,,,,,,,,
47618_SIL_F,47618,29-Jun-2019 16:50:00,-20.575,-165.825,Light - Dawn,,,80,5343,,94.5087524272676,,
47618_SIL_F,47618,30-Jun-2019 00:00:00,-20.5,-165.85,None,,,,,,,30-Jun-2019 17:39:58,01-Jul-2019 04:34:19
47618_SIL_F,47618,30-Jun-2019 03:52:30,-20.475,-165.85,Light - Dusk,,,80,5311,,94.3682311414531,,
47618_SIL_F,47618,30-Jun-2019 10:00:00,-20.525,-165.85,SST,26.2,26.1599990526835,1,5343,,80.9792431548672,,
47618_SIL_F,47618,30-Jun-2019 12:00:00,-20.425,-165.875,None,,,,,,,,
47618_SIL_F,47618,30-Jun-2019 16:52:30,-20.325,-165.875,Light - Dawn,,,176,5311,,86.0381523945733,,
47618_SIL_F,47618,01-Jul-2019 00:00:00,-20.25,-165.9,None,,,,,,,01-Jul-2019 17:39:45,02-Jul-2019 04:35:19
47618_SIL_F,47618,01-Jul-2019 04:27:30,-20.2,-165.9,Light - Dusk,,,112,5305,,89.0738709665874,,
47618_SIL_F,47618,01-Jul-2019 10:00:00,-20.15,-166,SST,26.2,26.2399991353353,1,5305,,86.2762890336804,,
47618_SIL_F,47618,01-Jul-2019 12:00:00,-20.15,-165.95,None,,,,,,,,
47618_SIL_F,47618,01-Jul-2019 16:57:30,-20.075,-165.95,Light - Dawn,,,144,5305,,65.8431187171625,,
47618_SIL_F,47618,02-Jul-2019 00:00:00,-20,-166,None,,,,,,,02-Jul-2019 17:39:44,03-Jul-2019 04:36:31
47618_SIL_F,47618,02-Jul-2019 04:31:15,-19.925,-166.025,Light - Dusk,,,80,5249,,98.0652971913322,,
47618_SIL_F,47618,02-Jul-2019 12:00:00,-19.85,-166.1,None,,,,,,,,
47618_SIL_F,47618,02-Jul-2019 13:00:00,-19.85,-166.1,SST,26.1,25.8879154523214,1,5249,,78.6920678047763,,
47618_SIL_F,47618,02-Jul-2019 17:01:15,-19.825,-166.125,Light - Dawn,,,48,5249,,93.819298393307,,
47618_SIL_F,47618,03-Jul-2019 00:00:00,-19.8,-166.175,None,,,,,,,03-Jul-2019 17:40:07,04-Jul-2019 04:37:55
47618_SIL_F,47618,03-Jul-2019 04:27:30,-19.75,-166.2,Light - Dusk,,,80,5306,,95.9830141052829,,
47618_SIL_F,47618,03-Jul-2019 12:00:00,-19.7,-166.25,None,,,,,,,,
47618_SIL_F,47618,03-Jul-2019 15:00:00,-19.675,-166.275,SST,26,25.9637496471405,1,5439,,80.8687662987941,,
47618_SIL_F,47618,03-Jul-2019 16:53:45,-19.675,-166.275,Light - Dawn,,,48,5439,,85.1761105935931,,
47618_SIL_F,47618,04-Jul-2019 00:00:00,-19.675,-166.3,None,,,,,,,04-Jul-2019 17:40:24,05-Jul-2019 04:38:59
47618_SIL_F,47618,04-Jul-2019 04:17:30,-19.65,-166.3,Light - Dusk,,,48,5439,,96.1617015133195,,
47618_SIL_F,47618,04-Jul-2019 12:00:00,-19.625,-166.325,None,,,,,,,,
47618_SIL_F,47618,04-Jul-2019 16:00:00,-19.625,-166.35,SST,25.9,25.7999998728434,6,5439,,83.7928105210004,,
47618_SIL_F,47618,04-Jul-2019 17:02:30,-19.625,-166.35,Light - Dawn,,,80,5439,,90.8595470545118,,
47618_SIL_F,47618,05-Jul-2019 00:00:00,-19.625,-166.35,None,,,,,,,05-Jul-2019 17:40:32,06-Jul-2019 04:39:37
47618_SIL_F,47618,05-Jul-2019 04:07:30,-19.6,-166.375,Light - Dusk,,,112,5439,,94.1403831802789,,
47618_SIL_F,47618,05-Jul-2019 12:00:00,-19.575,-166.375,None,,,,,,,,
47618_SIL_F,47618,05-Jul-2019 13:00:00,-19.575,-166.375,SST,25.9,25.6904163360596,3,5439,,80.9342110455862,,
47618_SIL_F,47618,05-Jul-2019 16:46:15,-19.6,-166.35,Light - Dawn,,,48,5439,,91.4192614460524,,
47618_SIL_F,47618,06-Jul-2019 00:00:00,-19.625,-166.35,None,,,,,,,06-Jul-2019 17:40:32,07-Jul-2019 04:39:57
47618_SIL_F,47618,06-Jul-2019 04:25:00,-19.65,-166.35,Light - Dusk,,,112,5439,,95.2419057039914,,
47618_SIL_F,47618,06-Jul-2019 12:00:00,-19.65,-166.325,None,,,,,,,,
47618_SIL_F,47618,06-Jul-2019 16:50:00,-19.625,-166.3,Light - Dawn,,,48,5439,,96.5873470601034,,
47618_SIL_F,47618,06-Jul-2019 18:00:00,-19.625,-166.3,SST,25.8,25.6474995613098,5,5439,,82.4989092492346,,
47618_SIL_F,47618,07-Jul-2019 00:00:00,-19.7,-166.3,None,,,,,,,07-Jul-2019 17:40:28,08-Jul-2019 04:39:57
47618_SIL_F,47618,07-Jul-2019 04:32:30,-19.75,-166.275,Light - Dusk,,,48,5439,,95.7294377048378,,
47618_SIL_F,47618,07-Jul-2019 12:00:00,-19.825,-166.25,None,,,,,,,,
47618_SIL_F,47618,07-Jul-2019 16:00:00,-19.9,-166.25,SST,25.8,25.8400001525879,2,5295,,67.3466766236782,,
47618_SIL_F,47618,07-Jul-2019 17:01:15,-19.875,-166.25,Light - Dawn,,,48,5295,,89.6072970652301,,
47618_SIL_F,47618,08-Jul-2019 00:00:00,-19.825,-166.25,None,,,,,,,08-Jul-2019 17:40:28,09-Jul-2019 04:39:52
47618_SIL_F,47618,08-Jul-2019 04:27:30,-19.825,-166.25,Light - Dusk,,,80,5295,,95.4544604082725,,
47618_SIL_F,47618,08-Jul-2019 12:00:00,-19.85,-166.225,None,,,,,,,,
47618_SIL_F,47618,08-Jul-2019 16:00:00,-19.875,-166.225,SST,25.9,25.9233328501383,6,5249,,69.1266675846107,,
47618_SIL_F,47618,08-Jul-2019 16:57:30,-19.875,-166.225,Light - Dawn,,,80,5249,,94.9294858929692,,
47618_SIL_F,47618,09-Jul-2019 00:00:00,-19.8,-166.275,None,,,,,,,09-Jul-2019 17:40:29,10-Jul-2019 04:40:21
47618_SIL_F,47618,09-Jul-2019 04:30:00,-19.75,-166.3,Light - Dusk,,,112,5439,,95.5732216872211,,
47618_SIL_F,47618,09-Jul-2019 12:00:00,-19.725,-166.3,None,,,,,,,,
47618_SIL_F,47618,09-Jul-2019 17:05:00,-19.7,-166.3,Light - Dawn,,,80,5439,,84.5039598770868,,
47618_SIL_F,47618,09-Jul-2019 18:00:00,-19.725,-166.3,SST,26,25.9324994087219,1,5439,,86.9301997927974,,
47618_SIL_F,47618,10-Jul-2019 00:00:00,-19.675,-166.3,None,,,,,,,10-Jul-2019 17:40:17,11-Jul-2019 04:41:02
47618_SIL_F,47618,10-Jul-2019 04:21:15,-19.65,-166.3,Light - Dusk,,,48,5439,,96.9130758838077,,
47618_SIL_F,47618,10-Jul-2019 11:00:00,-19.625,-166.25,SST,26,25.8587495485942,1,5439,,89.1624303745966,,
47618_SIL_F,47618,10-Jul-2019 12:00:00,-19.625,-166.25,None,,,,,,,,
47618_SIL_F,47618,10-Jul-2019 17:13:45,-19.625,-166.225,Light - Dawn,,,80,5306,,95.9691105206954,,
47618_SIL_F,47618,11-Jul-2019 00:00:00,-19.625,-166.175,None,,,,,,,11-Jul-2019 17:39:37,12-Jul-2019 04:40:59
47618_SIL_F,47618,11-Jul-2019 04:25:00,-19.625,-166.125,Light - Dusk,,,48,5306,,99.6844191203536,,
47618_SIL_F,47618,11-Jul-2019 07:00:00,-19.625,-166.125,SST,26,25.7837494214376,1,5306,,91.1680537196902,,
47618_SIL_F,47618,11-Jul-2019 08:00:00,-19.625,-166.125,User,,,,,,95.1187959324436,,
