id,date,depth,temp,sal,lon,lat,scientific_name,common_name,sex,rs_gsla,rs_vcur,rs_ucur,rs_current_velocity,rs_current_bearing
Monique,2022-10-09,2,29.404,34.911,135.1204916621135,-11.67503362634313,Natator depressus,Flatback Turtle,Female,0.08926800238048006,-0.1335205163810599,-0.10422230021515876,0.16938127451641036,37.974581144750395
Monique,2022-10-11,2,29.738,34.784,135.163822782874,-11.69956362721758,Natator depressus,Flatback Turtle,Female,0.09888147955991636,-0.15137411685715593,-0.1074267926083042,0.1856196084049083,35.36246188706905
Monique,2022-10-12,3,29.532,34.644,135.1166269920176,-11.59644032030272,Natator depressus,Flatback Turtle,Female,0.10040742831855706,-0.1365724138983413,-0.1060534387255276,0.172914302773163,37.830637081383216
Monique,2022-10-13,12,29.098,34.456,135.1128639133829,-11.54450708394059,Natator depressus,Flatback Turtle,Female,0.10345932583583844,-0.12085514168434223,-0.1123098286359544,0.16498321999457968,42.90109406679645
Monique,2022-10-14,12,29.107,34.31,134.9851596529268,-11.44946511591976,Natator depressus,Flatback Turtle,Female,0.09018357163566448,-0.14374437306395252,-0.1127676132635466,0.1826991499397454,38.11422183529051
Monique,2022-10-15,5.5,29.407,34.391,134.9060616159912,-11.52858453062252,Natator depressus,Flatback Turtle,Female,0.09186211527016924,-0.14084507042253522,-0.10590084384966351,0.17621669214464253,36.93935906948467
Monique,2022-10-16,30,29.3,34.669,134.7225644059903,-11.48889167336591,Natator depressus,Flatback Turtle,Female,0.09109914089084888,-0.03326568293836693,-0.09628736667022722,0.10187179512329574,70.94082058113997
Monique,2022-10-17,10,29.452,34.182,134.3813357239943,-11.24572898496221,Natator depressus,Flatback Turtle,Female,0.0817908534631407,-0.03540201120046388,-0.07232997115956846,0.0805290452258176,63.920494652930145
Monique,2022-10-18,22,28.837,34.474,134.2877050203834,-11.13538009546682,Natator depressus,Flatback Turtle,Female,0.08514794073215022,-0.00824012329665969,-0.07416110966993729,0.07461749003699213,83.6598082540901
Monique,2022-10-19,16,29.167,34.323,134.2202308007286,-11.03528406231098,Natator depressus,Flatback Turtle,Female,0.0813330688355485,-0.00473044115178612,-0.04837257564890971,0.04860332445831256,84.41470202565712
Monique,2022-10-20,50,27.275,34.267,133.9935591963763,-10.70538830139896,Natator depressus,Flatback Turtle,Female,0.08362199197350953,0.01174980544153327,-0.02441518013825095,0.0270953676686095,115.69918592160462
Monique,2022-10-21,50,27.388,34.301,133.9019844289357,-10.52924072695847,Natator depressus,Flatback Turtle,Female,0.08804724337356752,-0.00640898478629087,-0.03128194955213403,0.03193173114275464,78.42157942788259
Monique,2022-10-22,50,27.289,34.037,133.7252032952333,-10.35355852969917,Natator depressus,Flatback Turtle,Female,0.1016281873254696,0.02334701600720247,0.02533074939343536,0.03444894804306214,227.3336464237636
Monique,2022-10-23,21,29.853,33.601,133.5010243467918,-10.34549921587207,Natator depressus,Flatback Turtle,Female,0.10193337707719775,0.02716188790380419,0.02014252361405704,0.03381552028346851,216.55963472449335
Monique,2022-10-24,2,30.378,33.699,133.4065098538198,-10.36647888755024,Natator depressus,Flatback Turtle,Female,0.10330673095997436,0.03662277020737643,0.00976607205530038,0.03790255217068658,194.93141717813756
Monique,2022-10-25,2,30.336,33.595,133.1960618821591,-10.39426886586318,Natator depressus,Flatback Turtle,Female,0.11780324416706088,0.06698915050432606,0.00839271817252376,0.06751284324937486,187.14107908453735
Monique,2022-10-26,30,28.741,33.924,132.8862755450254,-10.42865764493161,Natator depressus,Flatback Turtle,Female,0.12024476218088596,0.13962431141562268,-0.02121068774510551,0.14122620724535212,171.3620938255617
Monique,2022-10-27,33,28.926,33.818,132.7427269151335,-10.45602968101087,Natator depressus,Flatback Turtle,Female,0.12146552118779852,0.12222849556711886,-0.0028993026414173,0.1222628769676541,178.64117889239174
Monique,2022-10-28,35,28.89,33.874,132.5297186028969,-10.44475073492205,Natator depressus,Flatback Turtle,Female,0.1258907725878565,0.08636869973906276,-0.01312315932430989,0.08736000003014882,171.36036363238796
Monique,2022-10-29,50,26.584,34.252,132.3344221676988,-10.4710901093941,Natator depressus,Flatback Turtle,Female,0.12451741870507987,0.09277768452535363,-0.03006119054522149,0.09752627298775524,162.04699342339856
Monique,2022-10-30,47.5,26.778,34.307,132.1765603826394,-10.44415973002687,Natator depressus,Flatback Turtle,Female,0.12756931622236126,0.0953717974150428,-0.01770100560023194,0.09700054299556991,169.485545592361
Monique,2022-10-31,37.5,29.847,34.403,132.1017695404227,-10.39674414559929,Natator depressus,Flatback Turtle,Female,0.14160804480185554,0.01937954923473669,0.00259411288968916,0.01955240011420683,187.62419250445183
Monique,2022-11-01,30,28.9,33.828,131.7595615066425,-10.38339944682825,Natator depressus,Flatback Turtle,Female,0.1461858910777776,0.00503563090351426,0.03372346756595913,0.03409735830337485,261.5072709718815
Monique,2022-11-02,59.5,26.413,34.154,131.3924950944332,-10.44316417791543,Natator depressus,Flatback Turtle,Female,0.15412082462270918,0.01312315932430989,0.02487296476584316,0.02812261877731334,242.18354101632977
Monique,2022-11-03,30,28.6,34.014,131.2846287182257,-10.45225012403309,Natator depressus,Flatback Turtle,Female,0.15717272213999053,-0.03418125219355134,0.00854531304838783,0.03523322830247188,345.96375653207355
Monique,2022-11-04,58.5,25.341,34.362,131.1791986303967,-10.47703503422709,Natator depressus,Flatback Turtle,Female,0.17288999435398958,0.03067157004867776,0.02380480063479468,0.03882542649493072,217.81573260757312
Monique,2022-11-05,20,30.479,33.965,131.1277782224938,-10.46523454326893,Natator depressus,Flatback Turtle,Female,0.17395815848503807,0.04486289350403613,-0.02197366212442586,0.04995519032806216,153.90457584261165
Monique,2022-11-06,50,27.599,34.301,130.9627284108306,-10.49201198981481,Natator depressus,Flatback Turtle,Female,0.16709138907115498,-0.04196359086261883,-0.05050890391100667,0.06566652368122262,50.27966505359296
Monique,2022-11-07,10,30.502,34.13,130.6233438667627,-10.52939827893438,Natator depressus,Flatback Turtle,Female,0.1539682297468451,-0.09903407443578044,-0.1287900752292738,0.1624642464572243,52.441251479181226
Monique,2022-11-08,50,28.977,34.24,130.2516162270212,-10.58699156408279,Natator depressus,Flatback Turtle,Female,0.14801702958814644,-0.1036119207117025,-0.15518898875375764,0.1865986397163228,56.270946919016254
Monique,2022-11-09,15,30.347,34.097,130.1639312142738,-10.60484037005058,Natator depressus,Flatback Turtle,Female,0.13687760365006943,-0.03616498557978423,-0.12817969572581753,0.13318386005199415,74.24396623141715
Monique,2022-11-10,12,29.866,34.08,129.9516733831029,-10.62984975078697,Natator depressus,Flatback Turtle,Female,0.12817969572581753,-0.0086979079242519,-0.044557703752308,0.04539870665489499,78.95444960247403
Monique,2022-11-11,18.5,30.048,34.134,129.590342297789,-10.78028756512744,Natator depressus,Flatback Turtle,Female,0.13443608563624437,-0.03173973417972624,0.02182106724856179,0.03851713516950526,325.4914770123316
Monique,2022-11-12,21.5,30.17,34.056,129.5075148489847,-10.7481220709551,Natator depressus,Flatback Turtle,Female,0.13428349076038026,-0.07965452520104375,0.00930828742770817,0.08019655603478584,353.3347463820658
Monique,2022-11-13,10,30.389,33.642,129.1683716146749,-10.80591629597344,Natator depressus,Flatback Turtle,Female,0.13916652678803046,-0.07339813529061694,0.09811850518059605,0.12253378033429949,306.7985455289149
Monique,2022-11-14,10,30.434,33.56,129.163422507912,-10.72292003154518,Natator depressus,Flatback Turtle,Female,0.13519906001556467,-0.0648528222422291,0.0973555308012757,0.11697857893811288,303.66933822894174
Monique,2022-11-15,15.5,30.118,32.454,129.1260233657276,-10.71881920950753,Natator depressus,Flatback Turtle,Female,0.14496513207086506,-0.08560572535974242,0.11108906962904186,0.14024664561198516,307.61800459012574
Monique,2022-11-16,18,30.569,32.7,129.0225665768921,-10.7602362119498,Natator depressus,Flatback Turtle,Female,0.13687760365006943,-0.09125173576671296,0.12909526498100193,0.15809005889350888,305.25480146621754
Monique,2022-11-17,2,30.722,31.101,128.6169450936579,-11.03712755371469,Natator depressus,Flatback Turtle,Female,0.11795583904292492,-0.106969007980712,0.13031602398791448,0.16859606987233222,309.38062467295896
Monique,2022-11-18,42.5,28.94,31.072,128.4625688474637,-11.07140492095804,Natator depressus,Flatback Turtle,Female,0.1234492545740314,-0.06088535546976333,0.16480246593319398,0.1756897244813737,290.2764705942248
Monique,2022-11-19,90.5,26.874,30.496,128.2789169535848,-11.14007290264372,Natator depressus,Flatback Turtle,Female,0.10284894633238216,-0.05783345795248195,0.118108433918789,0.13150783635012192,296.08933171350066
Monique,2022-11-20,15,30.65,31.015,128.0473699818753,-11.2767120676148,Natator depressus,Flatback Turtle,Female,0.09323546915294584,-0.01251277982085361,0.1472540552088261,0.14778473004437626,274.8569892166695
Monique,2022-11-21,17.5,29.693,28.892,127.5691396632607,-11.52685162691527,Natator depressus,Flatback Turtle,Female,0.08407977660110173,0.01525948758640684,0.01205499519326141,0.01944671875945297,218.3087355674477
Monique,2022-11-22,2,29.918,28.618,127.0932539449173,-11.47590152986712,Natator depressus,Flatback Turtle,Female,0.09140433064257704,0.18555536905070727,0.08148566371141257,0.20265909398305715,203.70842678563216
Monique,2022-11-23,20,28.831,26.626,126.8009683766541,-11.33642820230314,Natator depressus,Flatback Turtle,Female,0.10132299757374148,0.21042833381655043,0.06866769413883082,0.22134890081306843,198.07271741493523
Monique,2022-11-24,40,28.09,28.041,126.6623806292019,-11.29443244327687,Natator depressus,Flatback Turtle,Female,0.1089527413669449,0.2023408053957548,0.1123098286359544,0.23142017875811988,209.03258702080396
Monique,2022-11-25,26.5,29.191,28.093,126.5355510733223,-11.34298366825507,Natator depressus,Flatback Turtle,Female,0.10040742831855706,0.20066226176125004,0.06454763249050097,0.210788377656998,197.83158150829496
Monique,2022-11-26,40,28.098,26.277,126.3241743982149,-11.36000621477092,Natator depressus,Flatback Turtle,Female,0.140387285794943,0.1176506492911968,0.11261501838768254,0.16286134484615514,223.7472104734979
Monique,2022-11-27,29,28.604,25.902,126.2932730985485,-11.34263845113259,Natator depressus,Flatback Turtle,Female,0.15427341949857323,0.06714174538019013,0.11642989028428426,0.13440213288601022,240.02919650731943
Monique,2022-11-28,10,30.068,26.441,126.3001935992289,-11.45119440121335,Natator depressus,Flatback Turtle,Female,0.15122152198129188,0.11490394152564357,0.15381563487098104,0.19199522209912273,233.23939316965027
Monique,2022-11-29,60.5,27.494,26.248,126.2117013498009,-11.60780442658211,Natator depressus,Flatback Turtle,Female,0.12909526498100193,0.05707048357316161,0.10040742831855706,0.11549325416153396,240.3865738826237
Monique,2022-11-30,84,27.594,24.886,126.1264703692458,-11.64779504553406,Natator depressus,Flatback Turtle,Female,0.11459875177391544,-0.00824012329665969,0.04562586788335648,0.04636398874184203,280.23738017140676
Monique,2022-12-01,25,29.625,25.007,126.0602017413937,-11.72408687603563,Natator depressus,Flatback Turtle,Female,0.11124166450490593,0.02426258526238689,-0.02441518013825095,0.03442054713100647,134.8203899942529
Monique,2022-12-02,21,29.186,25.315,125.8686699213766,-11.8654964993599,Natator depressus,Flatback Turtle,Female,0.11795583904292492,0.10132299757374148,-0.05096668853859888,0.11341936861893988,153.29705310959608
Monique,2022-12-03,30,29.582,25.177,125.705157451942,-11.99899202091142,Natator depressus,Flatback Turtle,Female,0.11261501838768254,0.12070254680847815,-0.1109364747531778,0.16393903207203375,137.41420257783545
Monique,2022-12-04,59,28.789,24.943,125.5623669447486,-12.14316859801392,Natator depressus,Flatback Turtle,Female,0.12085514168434223,0.0701936428974715,-0.1239070392016236,0.14240822260996883,119.53166034790888
Monique,2022-12-05,70,27.443,24.717,125.4929312486103,-12.34948168021202,Natator depressus,Flatback Turtle,Female,0.13809836265698197,0.0280774571589886,-0.0987288846840523,0.1026437346917567,105.87519485843718
Monique,2022-12-06,70,27.876,24.943,125.7639340259668,-12.41819244682349,Natator depressus,Flatback Turtle,Female,0.13153678299482705,0.00457784627592205,-0.0793493354493156,0.07948127900816637,93.301865674435
Monique,2022-12-07,63,27.906,24.998,125.7360763006685,-12.45701585573389,Natator depressus,Flatback Turtle,Female,0.13519906001556467,-0.00778233866906749,-0.07339813529061694,0.07380955940323564,83.9475928543353
Monique,2022-12-08,14,30.067,24.756,125.9436345619192,-12.30383232875673,Natator depressus,Flatback Turtle,Female,0.1341308958845162,0.00518822577937832,-0.0817908534631407,0.08195524020443574,93.62957085632122
Monique,2022-12-09,80,28.03,25.044,125.9131422363978,-12.26973463467257,Natator depressus,Flatback Turtle,Female,0.13794576778111792,0.08652129461492683,-0.06515801199395724,0.10831205357137148,143.01709307365533
Monique,2022-12-10,69.5,27.982,25.119,125.9260162177714,-12.27501409718741,Natator depressus,Flatback Turtle,Female,0.13397830100865213,0.10010223856682891,-0.04806738589718157,0.11104472861454928,154.35047646819854
Monique,2022-12-11,20,29.346,25.63,125.9028551096219,-12.3896834006056,Natator depressus,Flatback Turtle,Female,0.1442021576915447,0.06882028901469489,-0.08102787908382036,0.1063096861480098,130.34260457566734
Monique,2022-12-12,55.5,27.736,24.527,125.8630155184617,-12.46529885277249,Natator depressus,Flatback Turtle,Female,0.14984816809851526,0.05951200158698671,-0.05890162208353043,0.08373218865502412,135.29533645394704
Monique,2022-12-13,15,30.498,24.613,125.7936911763693,-12.51542787615378,Natator depressus,Flatback Turtle,Female,0.14603329620191355,0.04257397036607511,-0.10635862847725572,0.11456308656934117,111.8155810862392
Monique,2022-12-14,40,28.396,24.049,125.7381926590028,-12.82427151486586,Natator depressus,Flatback Turtle,Female,0.15961424015381565,-0.01907435948300856,-0.1829612561610181,0.18395285386670335,84.04821268219612
Monique,2022-12-15,18,30.483,24.445,125.7229009480726,-12.9297089518654,Natator depressus,Flatback Turtle,Female,0.19486365647841544,-0.03204492393145438,-0.29252437703141926,0.29427434191140867,83.74839468334977
Monique,2022-12-16,35,28.504,24.524,125.6606960622896,-13.06403606610553,Natator depressus,Flatback Turtle,Female,0.19242213846459036,-0.03570720095219203,-0.3544778966322311,0.3562717830542449,84.24789526680938
Monique,2022-12-17,35,28.281,24.314,125.5617126533255,-13.16266268341575,Natator depressus,Flatback Turtle,Female,0.21637953397524912,-0.02838264691071674,-0.267346222513848,0.26884861416433287,83.93992829888512
Monique,2022-12-18,5,30.444,24.923,125.4224548214625,-13.2834199376711,Natator depressus,Flatback Turtle,Female,0.20295118489921107,-0.03540201120046388,-0.2235514931408603,0.22633729803668215,81.00126686650546
Monique,2022-12-19,10,30.3,24.102,125.29324634167,-13.41041940376551,Natator depressus,Flatback Turtle,Female,0.21042833381655043,-0.11337799276700287,-0.11398837227045916,0.16077287786421982,45.15381380368418
Monique,2022-12-20,30,27.857,23.985,125.0413329618089,-13.63689322773248,Natator depressus,Flatback Turtle,Female,0.2085971953061816,-0.14099766529839927,-0.1229914699464392,0.1871022268685899,41.0980078194692
Monique,2022-12-21,35,28.146,24.543,124.8902592430687,-13.77631640219889,Natator depressus,Flatback Turtle,Female,0.20936016968550197,-0.09033616651152854,-0.12955304960859415,0.15793864518503845,55.11228575941182
Monique,2022-12-22,57,27.238,23.38,124.7555700379399,-13.96769953127247,Natator depressus,Flatback Turtle,Female,0.23316497032029665,-0.10773198236003236,-0.10925793111867305,0.15343883320579255,45.40291726470199
Monique,2022-12-23,40,27.779,23.67,124.6436699336698,-14.05426272579496,Natator depressus,Flatback Turtle,Female,0.2038667541543955,-0.14954297834678712,-0.10864755161521676,0.18484423941472675,35.99955314960453
Monique,2022-12-24,34,28.652,23.783,124.5588685739494,-14.10119046834047,Natator depressus,Flatback Turtle,Female,0.1854027741748432,-0.03936947797292967,-0.0474570063937253,0.06166135947021504,50.32151059306533
Monique,2022-12-25,30,29.496,23.6,124.3761116123663,-14.23308544279689,Natator depressus,Flatback Turtle,Female,0.17319518410571774,-0.07583965330444203,-0.0503563090351426,0.0910352177620329,33.58352040655974
Monique,2022-12-26,31.5,27.677,22.928,124.0686081095158,-14.50062108130569,Natator depressus,Flatback Turtle,Female,0.17655227137472723,-0.11780324416706088,-0.07171959165611219,0.13791774419415231,31.333401593920545
Monique,2022-12-27,75,26.944,22.903,123.8888354561107,-14.58433769270735,Natator depressus,Flatback Turtle,Female,0.1986785283750172,-0.19165916408527,-0.13474127538797248,0.234282834349941,35.108195249928684
Monique,2022-12-28,33,28.539,22.965,123.7205716765005,-14.69414603033955,Natator depressus,Flatback Turtle,Female,0.2284345291685105,-0.2644469198724307,-0.20707124654754097,0.33587300364388956,38.06219425040767
Monique,2022-12-29,20,28.363,22.912,123.6063600992397,-14.74808020099987,Natator depressus,Flatback Turtle,Female,0.2261456060305495,-0.30091709520394305,-0.22446706239604475,0.3754151838787142,36.72084790935665
Monique,2022-12-30,20,27.665,22.678,123.6055712319532,-14.74740621316894,Natator depressus,Flatback Turtle,Female,0.22645079578227764,-0.3000015259487586,-0.2266033906581417,0.3759654402060781,37.06523926575626
Monique,2022-12-31,53.5,27.214,22.544,123.683531233887,-14.78329055594891,Natator depressus,Flatback Turtle,Female,0.10925793111867305,-0.03784352921428898,0.08240123296659699,0.09067577348888806,294.66739122803403
Monique,2023-01-01,20,27.501,22.423,123.6142720541761,-14.82150816871739,Natator depressus,Flatback Turtle,Female,0.1098683106221293,-0.02868783666244487,0.08881021775288786,0.09332870271082994,287.9017046377782
Monique,2023-01-02,53,26.78,22.436,123.5817793571581,-14.81894350348172,Natator depressus,Flatback Turtle,Female,0.19593182060946393,-0.22004181099598671,-0.11307280301527475,0.247394133657459,27.197254810091884
Monique,2023-01-03,50,26.289,21.827,123.5397009002178,-14.96474971656379,Natator depressus,Flatback Turtle,Female,0.20203561564402667,-0.2121068774510552,-0.18265606640928997,0.2799152837166129,40.73342162229982
Monique,2023-01-04,36,27.271,21.616,123.5120738099282,-15.0921301849307,Natator depressus,Flatback Turtle,Female,0.21729510323043352,-0.2658202737552073,-0.23636946271344209,0.35571187897332673,41.64374521097474
Monique,2023-01-05,10,27.684,21.5,123.2478365544299,-15.14866561518963,Natator depressus,Flatback Turtle,Female,0.15625715288480613,-0.1815879022782415,-0.24735629377565505,0.3068538778054472,53.717058674341835
Monique,2023-01-06,50,26.076,21.5,123.1864849556477,-15.1646523330651,Natator depressus,Flatback Turtle,Female,0.08270642271832512,-0.04883036027650191,-0.07339813529061694,0.08815719113533894,56.36494520748752
Monique,2023-01-07,10,27.723,21.5,123.1184782418875,-15.24458205570183,Natator depressus,Flatback Turtle,Female,0.07614484305617017,-0.03158713930386218,-0.04440510887644393,0.05449367911721903,54.57422788509183
Monique,2023-01-08,10,27.829,21.5,123.0408599284515,-15.34615288071715,Natator depressus,Flatback Turtle,Female,0.08392718172523767,-0.0730929455388888,0.00808752842079563,0.07353901551903004,353.68606662966374
Monique,2023-01-09,15,27.726,21.5,123.0221450477338,-15.36593022080894,Natator depressus,Flatback Turtle,Female,0.12283887507057512,-0.12955304960859415,-0.06805731463537454,0.1463413500630127,27.714019582765378
Monique,2023-01-10,70,25.869,21.5,122.8667605587055,-15.4952829726725,Natator depressus,Flatback Turtle,Female,0.14939038347092304,-0.15732531701585462,-0.14694886545709795,0.21527941014706312,43.04683866139173
Monique,2023-01-11,20,27.855,21.5,122.5622423010205,-15.57951716968503,Natator depressus,Flatback Turtle,Female,0.15747791189171867,-0.14588070132604947,-0.169380312209116,0.22354164977345423,49.262953725082085
Monique,2023-01-12,24,26.952,21.5,122.0818049439411,-15.60951681549046,Natator depressus,Flatback Turtle,Female,0.1443547525674088,-0.16205575816764073,-0.12192330581539072,0.2027988196618564,36.95612147768845
Monique,2023-01-13,3.5,27.366,21.5,121.9054286318566,-15.45198544749523,Natator depressus,Flatback Turtle,Female,0.14481253719500098,-0.140387285794943,-0.1666336044435628,0.21788838459799725,49.88616907980752
Monique,2023-01-14,10,27.823,21.5,121.8067677661923,-15.42910817059853,Natator depressus,Flatback Turtle,Female,0.1428288038087681,-0.2063082721682206,-0.140387285794943,0.24954296860041475,34.234244455257084
Monique,2023-01-15,50,25.541,21.5,121.741264589307,-15.46492315526602,Natator depressus,Flatback Turtle,Female,0.14603329620191355,-0.27222925854149815,-0.10681641310484792,0.2924354891504097,21.423884619811936
Monique,2023-01-16,28.5,26.689,21.5,121.8919923624346,-15.47632152409832,Natator depressus,Flatback Turtle,Female,0.13718279340179756,-0.23469091907893733,-0.12085514168434223,0.2639806674164962,27.24640630028333
Monique,2023-01-17,39,27.248,21.5,121.9642298078636,-15.45278979121845,Natator depressus,Flatback Turtle,Female,0.1617505684159126,-0.14069247554667114,-0.15671493751239834,0.21060376139795217,48.08375918959963
Monique,2023-01-18,25,27,21.5,121.7483744057266,-15.33167236594685,Natator depressus,Flatback Turtle,Female,0.1615979735400485,-0.20508751316130805,-0.06058016571803518,0.21384771341567885,16.456450367077487
Monique,2023-01-19,40,26.205,21.5,121.6952948048881,-15.30364592123161,Natator depressus,Flatback Turtle,Female,0.14099766529839927,-0.21225947232691927,-0.03845390871774526,0.21571459544540533,10.268594794063423
Monique,2023-01-20,61.5,25.118,21.5,121.7238252396345,-15.44582596292629,Natator depressus,Flatback Turtle,Female,0.14176063967771962,-0.1481696244640105,-0.04104802160743442,0.15375037460666657,15.484539992385017
Monique,2023-01-21,30,27.661,21.5,121.7987031010481,-15.54266783050802,Natator depressus,Flatback Turtle,Female,0.14084507042253522,-0.1316893778706911,0.02075290311751331,0.13331457246593323,351.04442062634797
Monique,2023-01-22,6,28.592,21.5,121.8919982591589,-15.67548853768595,Natator depressus,Flatback Turtle,Female,0.133673111256924,-0.12451741870507987,0.06012238109044298,0.1382725145101536,334.2267453174417
Monique,2023-01-23,10,28.334,21.5,121.8507721164632,-15.76764694951307,Natator depressus,Flatback Turtle,Female,0.12940045473273007,-0.12131292631193444,0.00686676941388308,0.12150711342365218,356.7602997038979
Monique,2023-01-24,35,26.393,21.5,121.7903481682127,-15.7936569859854,Natator depressus,Flatback Turtle,Female,0.1277219110982253,-0.12955304960859415,-0.00793493354493156,0.12979582363562142,3.5049037687277997
Monique,2023-01-25,50,26.272,21.5,121.8374407723441,-15.85382723808289,Natator depressus,Flatback Turtle,Female,0.1422184243053118,-0.19043840507835744,-0.04883036027650191,0.19659905954383797,14.381394591090604
Monique,2023-01-26,10,28.405,21.5,121.7752258577634,-15.87786855967473,Natator depressus,Flatback Turtle,Female,0.1673965788228831,-0.17609448674713504,-0.01754841072436787,0.17696670585646335,5.690929207078869
Monique,2023-01-27,50,26.467,21.5,121.7572302253753,-15.88974591259586,Natator depressus,Flatback Turtle,Female,0.16312392229868922,-0.18433461004379473,-0.05310301680069583,0.19183112065911737,16.070605009983378
Monique,2023-01-28,17.5,27.103,21.5,121.7651602029977,-15.81646900074286,Natator depressus,Flatback Turtle,Female,0.1577831016434468,-0.1936428974715029,-0.05996978621457891,0.2027164201533297,17.207369990787466
Monique,2023-01-29,22.5,28.271,21.5,121.7234899438402,-15.71793905498227,Natator depressus,Flatback Turtle,Female,0.15534158362962172,-0.18418201516793067,-0.04837257564890971,0.19042825627051604,14.715520202517856
Monique,2023-01-30,23,27.002,21.5,121.7683734204854,-15.68641241126304,Natator depressus,Flatback Turtle,Female,0.1820456869058337,-0.0532556116765599,-0.0993392641875086,0.11271401680518786,61.804316149057485
Monique,2023-01-31,10,28.935,21.5,121.7524043552361,-15.729619990437,Natator depressus,Flatback Turtle,Female,0.1898280255749012,-0.08453756122869394,-0.1229914699464392,0.1492430934351102,55.49751132294784
Monique,2023-02-01,25,28.122,21.5,121.7504100211447,-15.7282364493027,Natator depressus,Flatback Turtle,Female,0.19410068209909512,-0.0895731921322082,-0.14664367570536982,0.1718363301899082,58.58249411546394
Monique,2023-02-02,57,26.688,21.5,121.8471409665102,-15.66590412757324,Natator depressus,Flatback Turtle,Female,0.17777303038163975,-0.02884043153830894,-0.11261501838768254,0.11624935637574069,75.6354175503028
Monique,2023-02-03,5,29.624,21.5,121.8140764872514,-15.63147394392454,Natator depressus,Flatback Turtle,Female,0.17975676376787267,-0.03524941632459982,-0.0900309767598004,0.09668556318059426,68.61839381242348
Monique,2023-02-04,53.5,26.836,21.5,121.8507245589217,-15.48703794875992,Natator depressus,Flatback Turtle,Female,0.1684647429539316,0.0677521248836464,-0.1036119207117025,0.12379733656188788,123.18078512100226
Monique,2023-02-05,22,27.914,21.5,121.8814047621333,-15.38314679328881,Natator depressus,Flatback Turtle,Female,0.17197442509880517,0.09125173576671296,-0.10422230021515876,0.1385249693830563,131.20373732456994
Monique,2023-02-06,15.5,28.766,21.5,121.9454357288643,-15.51563500174172,Natator depressus,Flatback Turtle,Female,0.1597668350296797,-0.02441518013825095,-0.1142935620221873,0.11687223511554325,77.94181691552085
Monique,2023-02-07,12.5,28.502,21.5,122.0624743490761,-15.45983321134728,Natator depressus,Flatback Turtle,Female,0.1510689271054278,0.01052904643462072,-0.18708131780934795,0.1873773740132587,93.2212418880612
Monique,2023-02-08,22,28.317,21.5,121.9666316107655,-15.42270875625505,Natator depressus,Flatback Turtle,Female,0.16098759403659224,-0.03479163169700761,-0.19242213846459036,0.1955421617130848,79.75114157184743
Monique,2023-02-09,2.5,28.577,21.5,121.8746694005138,-15.37170800880061,Natator depressus,Flatback Turtle,Female,0.12024476218088596,-0.1239070392016236,-0.14298139868463217,0.1891999860822575,49.08794483570124
Monique,2023-02-10,37.5,27.528,21.5,121.8655427509542,-15.28986388543262,Natator depressus,Flatback Turtle,Female,0.09796591030473197,-0.073550730166481,-0.09369325378053804,0.11911396102895248,51.86750896132291
Monique,2023-02-11,42,26.913,21.5,121.9243145880002,-15.26526236671673,Natator depressus,Flatback Turtle,Female,0.10437489509102284,-0.07294035066302473,-0.11780324416706088,0.13855648339622786,58.235410151577
Monique,2023-02-12,30,28.573,21.5,122.0079068844716,-15.40751666842374,Natator depressus,Flatback Turtle,Female,0.10422230021515876,-0.08636869973906276,-0.05096668853859888,0.10028537099301636,30.54511006128177
Monique,2023-02-13,35.5,28.547,21.5,121.9738623069706,-15.4207084581509,Natator depressus,Flatback Turtle,Female,0.10345932583583844,-0.12222849556711886,-0.03463903682114355,0.12704199305937283,15.822504630262678
Monique,2023-02-14,10,28.81,21.5,121.9596209682475,-15.41509495281746,Natator depressus,Flatback Turtle,Female,0.1109364747531778,-0.19593182060946393,-0.07477148917339356,0.20971421964317552,20.88785150915677
Monique,2023-02-15,59.5,27.297,21.5,121.7630131758366,-15.50402524267833,Natator depressus,Flatback Turtle,Female,0.08499534585628614,-0.2342331344513451,-0.03433384706941541,0.23673608582023975,8.33901949395019
Monique,2023-02-16,24,28.083,21.5,121.7610032059191,-15.74915797798449,Natator depressus,Flatback Turtle,Female,0.08301161247005326,-0.24048952436177193,-0.10498527459447912,0.26240640085453226,23.5835899570958
Monique,2023-02-17,22,28.118,21.5,121.7569876266778,-15.75328841043989,Natator depressus,Flatback Turtle,Female,0.08118047395968443,-0.2884043153830894,-0.12665374696717685,0.3149892391057418,23.708844780273775
Monique,2023-02-18,20,28.413,21.5,121.8013873992676,-15.77228772786066,Natator depressus,Flatback Turtle,Female,0.14023469091907895,-0.162666137671097,-0.15412082462270918,0.22408369179218768,43.45482381631898
Monique,2023-02-19,30,28.994,21.5,121.7807217306219,-15.637509287315,Natator depressus,Flatback Turtle,Female,0.1287900752292738,-0.20890238505790976,-0.05432377580760838,0.215850131111562,14.576568305902152
Monique,2023-02-20,10,29.25,21.5,121.8247500209432,-15.72432983563098,Natator depressus,Flatback Turtle,Female,0.1422184243053118,-0.20462972853371583,-0.1065112233531198,0.2306901959337683,27.49729667475281
Monique,2023-02-21,40,28.482,21.5,122.0280789603038,-15.72790020333342,Natator depressus,Flatback Turtle,Female,0.16602322494010652,-0.23514870370652952,-0.14023469091907895,0.27378948371336476,30.8104131946652
Monique,2023-02-22,20,28.745,21.5,122.1195107565171,-15.68624507094753,Natator depressus,Flatback Turtle,Female,0.18708131780934795,-0.22477225214777288,-0.15549417850548578,0.2733148457085306,34.6749219715123
Monique,2023-02-23,15,28.755,21.5,122.1319728830402,-15.73680339304181,Natator depressus,Flatback Turtle,Female,0.20417194390612364,-0.29359254116246775,-0.1846397997955229,0.3468262329968223,32.165710500225
Monique,2023-02-24,2,28.648,21.5,122.0904906546507,-15.62252232756141,Natator depressus,Flatback Turtle,Female,0.1577831016434468,-0.25590160682404284,-0.14176063967771962,0.2925435204152764,28.984936552688044
Monique,2023-02-25,2,28.485,21.5,122.0824602334392,-15.61584035323803,Natator depressus,Flatback Turtle,Female,0.15747791189171867,-0.2569697709550913,-0.1869287229334839,0.3177669124409514,36.033441996101224
Monique,2023-02-26,25,27.85,21.5,121.9744992857589,-15.55448430098658,Natator depressus,Flatback Turtle,Female,0.13611462927074908,-0.3112935467626997,-0.2334701600720248,0.3891169334533746,36.86989764584402
Monique,2023-02-27,24,27.839,21.5,121.8825827146002,-15.48648185822718,Natator depressus,Flatback Turtle,Female,0.09521920253917872,-0.26978774052767307,-0.20173042589229853,0.3368688018646357,36.786845296673626
Monique,2023-02-28,40,27.311,21.5,121.8423225968169,-15.29243979096784,Natator depressus,Flatback Turtle,Female,0.0711092121526559,-0.2246196572719088,-0.20539270291303616,0.3043684491580435,42.439864077656885
Monique,2023-03-01,5,27.832,21.5,121.8573670577144,-15.31406910822562,Natator depressus,Flatback Turtle,Female,0.08652129461492683,-0.20798681580272535,-0.16297132742282514,0.26423127958232817,38.08103049346125
Monique,2023-03-02,24,28.073,21.5,121.8436728019878,-15.3592778536143,Natator depressus,Flatback Turtle,Female,0.0721773762837044,-0.16526025056078616,-0.1442021576915447,0.2193290056018833,41.10717586195127
Monique,2023-03-03,31.5,27.638,21.5,121.8394834186204,-15.35650401305853,Natator depressus,Flatback Turtle,Female,0.05020371415927853,-0.14053988067080708,-0.08789464849770345,0.16576165809227278,32.02215597678268
Monique,2023-03-04,36.5,27.405,21.5,121.8176137856637,-15.38381485088284,Natator depressus,Flatback Turtle,Female,0.05066149878687073,-0.13489387026383654,-0.1152091312773717,0.17739644913143957,40.49972544642172
Monique,2023-03-05,10,28.263,21.5,121.7133501988329,-15.37506037631293,Natator depressus,Flatback Turtle,Female,0.0639372529870447,-0.19394808722323104,-0.09949185906337266,0.21797818826074328,27.15700278953691
Monique,2023-03-06,20,28.344,21.5,121.7638232774641,-15.46291426250212,Natator depressus,Flatback Turtle,Female,0.05493415531106465,-0.17365296873330993,-0.10818976698762456,0.2045980919528049,31.92384922633945
Monique,2023-03-07,46.5,27.729,21.5,121.7711415631492,-15.43555461179195,Natator depressus,Flatback Turtle,Female,0.0875894587459753,-0.10788457723589642,-0.07965452520104375,0.134104158736304,36.439600609775205
Monique,2023-03-08,59,27.396,21.5,121.8034811922946,-15.47558340738677,Natator depressus,Flatback Turtle,Female,0.10773198236003236,-0.15167930660888407,-0.11612470053255612,0.19102763707675313,37.43743593426743
Monique,2023-03-09,10,28.114,21.5,121.8419207036429,-15.43280259201647,Natator depressus,Flatback Turtle,Female,0.095829582042635,-0.1861657485541635,-0.10330673095997436,0.21290835257539467,29.026684125192983
Monique,2023-03-10,35,27.421,21.5,121.8188660427375,-15.48670150817415,Natator depressus,Flatback Turtle,Female,0.10376451558756657,-0.20554529778890024,-0.05691788869729754,0.21328036828757968,15.478030375163756
Monique,2023-03-11,10,28.206,21.5,121.8634712718468,-15.53571590307358,Natator depressus,Flatback Turtle,Female,0.12863748035340974,-0.1606824042848641,-0.02060030824164924,0.1619975547544329,7.305759533310827
Monique,2023-03-12,7,28.518,21.5,121.9744547835513,-15.58790688659187,Natator depressus,Flatback Turtle,Female,0.1394717165397586,-0.12497520333267208,-0.04944073977995818,0.13439936085425508,21.583969241769587
Monique,2023-03-13,50,28.212,21.5,121.8939051241634,-15.55939871615927,Natator depressus,Flatback Turtle,Female,0.13794576778111792,-0.12833229060168158,-0.06988845314574336,0.14612861695841514,28.57225930191928
Monique,2023-03-14,24,28.297,21.5,121.9283055962458,-15.52942443622911,Natator depressus,Flatback Turtle,Female,0.14465994231913692,-0.13291013687760364,-0.10208597195306182,0.16759072216093782,37.5272416149957
Rosemary,2022-10-16,11.5,30.133,35.005,135.1358574989345,-11.64735669715769,Natator depressus,Flatback Turtle,Female,0.10834236186348864,-0.11597210565669204,-0.10834236186348864,0.15870600702117754,43.05191499348505
Rosemary,2022-10-18,6.5,29.81,34.374,135.213978245561,-11.60190641878637,Natator depressus,Flatback Turtle,Female,0.10422230021515876,-0.11887140829810935,-0.10880014649108084,0.16114553542452384,42.467119465198245
Rosemary,2022-10-19,18,29.791,34.658,135.2758564074523,-11.52340014060186,Natator depressus,Flatback Turtle,Female,0.09674515129781942,-0.11688767491187646,-0.10559565409793541,0.1575219689779027,42.094476934682746
Rosemary,2022-10-20,14,29.658,34.367,135.3880695386418,-11.51201704148593,Natator depressus,Flatback Turtle,Female,0.09308287427708176,0.02746707765553232,-0.06866769413883082,0.07395736997270161,111.80140948635182
Rosemary,2022-10-21,22,29.429,34.54,135.4864954821842,-11.49974200319208,Natator depressus,Flatback Turtle,Female,0.10590084384966351,-0.00274670776555323,-0.08697907924251903,0.08702243750565572,88.19126067750794
Rosemary,2022-10-22,25.5,29.309,34.553,135.6055514988852,-11.42818784940311,Natator depressus,Flatback Turtle,Female,0.10422230021515876,-0.0144965132070865,-0.0755344635527139,0.07691296431265342,79.13594007791228
Rosemary,2022-10-23,19,29.453,34.198,135.9205697647969,-11.27061396763602,Natator depressus,Flatback Turtle,Female,0.10208597195306182,-0.02136328262096959,-0.06210611447667587,0.06567769255792555,71.01778998496935
Rosemary,2022-10-24,12,30.01,34.093,136.100882744607,-11.17993245826272,Natator depressus,Flatback Turtle,Female,0.1011704026978774,-0.01464910808295057,-0.04577846275922054,0.04806520592094982,72.25532837494306
Rosemary,2022-10-25,2,29.918,33.824,136.4168304544501,-10.96708647687497,Natator depressus,Flatback Turtle,Female,0.10864755161521676,-0.02731448277966825,-0.05508675018692872,0.06148683611699243,63.6257220785669
Rosemary,2022-10-26,22,29.455,33.927,136.5464465022085,-10.95736256646716,Natator depressus,Flatback Turtle,Female,0.09949185906337266,-0.00762974379320342,-0.00244151801382509,0.00801086765349163,17.744671625056935
Rosemary,2022-10-27,29,28.52,34.4,136.9706870990539,-10.94632450492678,Natator depressus,Flatback Turtle,Female,0.10483267971861504,0.0173958158485038,-0.06668396075259793,0.06891563705494623,104.62087398863166
Rosemary,2022-10-28,40,27.326,34.559,137.1156722021703,-11.04550847384049,Natator depressus,Flatback Turtle,Female,0.1098683106221293,-0.02929821616590115,-0.06607358124914166,0.07227796074593414,66.08663922732659
Rosemary,2022-10-29,35,28.411,34.662,137.2572422747926,-11.19109620374587,Natator depressus,Flatback Turtle,Female,0.1098683106221293,-0.02716188790380419,-0.04989852440755039,0.0568122424530992,61.43866853593955
Rosemary,2022-10-30,15,29.645,34.817,137.4295510292314,-11.19440077658485,Natator depressus,Flatback Turtle,Female,0.1094105259945371,-0.03494422657287168,-0.0537133963041521,0.06407985575282682,56.953253028622775
Rosemary,2022-10-31,12,30.014,34.777,137.7485150520172,-11.25719510209963,Natator depressus,Flatback Turtle,Female,0.12833229060168158,-0.01632765171745532,-0.06271649398013214,0.0648070276109503,75.40750430499284
Rosemary,2022-11-01,22,29.36,34.717,138.0247192698979,-11.34992889540154,Natator depressus,Flatback Turtle,Female,0.12543298796026428,-0.0169380312209116,-0.0450154883799002,0.04809668487246815,69.38012735099376
Rosemary,2022-11-02,40,28.974,34.725,138.06675217159,-11.36682730777838,Natator depressus,Flatback Turtle,Female,0.12360184944989548,-0.02578853402102757,-0.04120061648329849,0.04860595936258787,57.956483167255584
Rosemary,2022-11-03,12,30.088,34.772,138.2998484683516,-11.46721666375426,Natator depressus,Flatback Turtle,Female,0.11292020813941069,-0.01648024659331939,-0.03250270855904658,0.03644207172281696,63.11306580752329
Rosemary,2022-11-04,35,29.213,34.748,138.3514230401669,-11.49197062596467,Natator depressus,Flatback Turtle,Female,0.115819510780828,-0.0140387285794943,-0.03479163169700761,0.03751724318588634,68.02549200852803
Rosemary,2022-11-05,2,29.832,21.5,138.5007214035294,-11.58608559129535,Natator depressus,Flatback Turtle,Female,0.10101780782201332,-0.01068164131048479,-0.02899302641417301,0.03089810741354216,69.77514056883193
Rosemary,2022-11-06,50,26.32,34.942,138.8384182097818,-11.8266737222045,Natator depressus,Flatback Turtle,Female,0.10178078220133369,-0.00137335388277661,-0.02746707765553232,0.0275013900707288,87.13759477388825
Rosemary,2022-11-07,50,26.114,35.031,138.9955285604276,-11.95008044768292,Natator depressus,Flatback Turtle,Female,0.10788457723589642,0.00839271817252376,-0.02914562129003708,0.03032993502640045,106.06418449267164
Rosemary,2022-11-08,50,25.85,32.02,139.1571564183184,-12.11438600697229,Natator depressus,Flatback Turtle,Female,0.11124166450490593,0.00961347717943631,-0.03204492393145438,0.03345588278991066,106.69924423399362
Rosemary,2022-11-10,52.5,25.606,34.974,139.7194222994252,-12.31300248969403,Natator depressus,Flatback Turtle,Female,0.11658248516014832,0.03601239070392016,-0.03235011368318252,0.04840890558075681,138.0664855011259
Rosemary,2022-11-11,25,30.531,34.952,139.8762963086431,-12.46952677566577,Natator depressus,Flatback Turtle,Female,0.11307280301527475,0.03311308806250286,-0.03067157004867776,0.04513559360732965,137.19206972022442
Rosemary,2022-11-12,50,25.674,34.82,140.1139969089186,-12.6558915910512,Natator depressus,Flatback Turtle,Female,0.104680084842751,0.04562586788335648,-0.03235011368318252,0.05593075786563537,144.6622115253926
Rosemary,2022-11-13,61.5,25.614,34.795,140.2687412929485,-12.76992403671413,Natator depressus,Flatback Turtle,Female,0.11078387987731372,0.00183113851036882,-0.03433384706941541,0.03438264275517751,93.05288251479244
Rosemary,2022-11-14,62.5,25.432,34.769,140.3726874411664,-12.78626219640706,Natator depressus,Flatback Turtle,Female,0.1142935620221873,0.03158713930386218,-0.04608365251094868,0.05586994181267295,124.42792692391474
Rosemary,2022-11-15,60,25.524,34.657,140.5685257696891,-12.94465259904262,Natator depressus,Flatback Turtle,Female,0.11490394152564357,0.03372346756595913,-0.06363206323531656,0.07201605193465983,117.9225170216086
Rosemary,2022-11-16,50,25.584,34.652,140.6188332739448,-12.93203911067001,Natator depressus,Flatback Turtle,Female,0.1171928646636046,0.03982726260052188,-0.066836555628462,0.07780318768872792,120.79030868800552
Rosemary,2022-11-17,41.5,26.586,34.44,140.8373441083504,-13.19873569725621,Natator depressus,Flatback Turtle,Female,0.11002090549799336,0.05234004242137549,-0.0672943402560542,0.08525261445356959,127.8749836510982
Rosemary,2022-11-18,18,28.035,34.345,140.949247854728,-13.20025318042905,Natator depressus,Flatback Turtle,Female,0.09186211527016924,0.04532067813162833,-0.06546320174568537,0.07962031555518327,124.69515353123396
Rosemary,2022-11-19,27,28.116,34.236,141.1198135159952,-13.26089116565839,Natator depressus,Flatback Turtle,Female,0.08774205362183937,0.08591091511147056,-0.06408984786290876,0.10718299274782864,143.27693062488908
Rosemary,2022-11-20,8,30.192,33.457,141.3061773481082,-13.12669601001882,Natator depressus,Flatback Turtle,Female,0.0895731921322082,0.1722796148505333,-0.0643950376146369,0.18392114223883724,159.5051563083774
Rosemary,2022-11-21,30.5,27.94,33.303,141.3590167888384,-12.98265047701713,Natator depressus,Flatback Turtle,Female,0.09033616651152854,0.22721377016159797,-0.08606350998733463,0.24296712761685996,159.25442959118536
Rosemary,2022-11-22,14,30.247,33.266,141.4285925105914,-12.84854344369947,Natator depressus,Flatback Turtle,Female,0.08240123296659699,0.22110997512703523,-0.07339813529061694,0.2329740486938789,161.63625550601338
Rosemary,2022-11-23,27.5,27.4,32.106,141.3975390298506,-12.72513294562233,Natator depressus,Flatback Turtle,Female,0.09918666931164452,0.12802710084995345,-0.04471029862817206,0.13560954743477494,160.74950797418086
Rosemary,2022-11-24,33.5,27.216,31.644,141.3006060481634,-12.73066357184831,Natator depressus,Flatback Turtle,Female,0.10529046434620726,0.12283887507057512,-0.03570720095219203,0.12792338890306412,163.79173820191377
Rosemary,2022-11-25,2,31.218,31.376,141.2341968062574,-12.8309698085195,Natator depressus,Flatback Turtle,Female,0.11642989028428426,0.03158713930386218,-0.044557703752308,0.05461809528974841,125.33298441968662
Rosemary,2022-11-26,22,27.291,31.172,141.2400591884736,-12.91492968670636,Natator depressus,Flatback Turtle,Female,0.12268628019471106,0.04089542673157035,-0.03555460607632795,0.05419009079896522,138.99620650006966
Rosemary,2022-11-27,5,30.787,30.22,141.271031569237,-13.14039129981735,Natator depressus,Flatback Turtle,Female,0.1216181160636626,0.1152091312773717,-0.05096668853859888,0.12597915411002414,156.1361631125581
Rosemary,2022-11-28,5,30.376,29.452,141.2178914660251,-13.312493254486,Natator depressus,Flatback Turtle,Female,0.12924785985686602,0.10254375658065402,-0.05798605282834603,0.11780324416706088,150.51287432705854
Rosemary,2022-11-29,2,30.304,28.77,141.0268679846541,-13.49143630480138,Natator depressus,Flatback Turtle,Female,0.12711153159476904,0.05890162208353043,-0.06790471975951047,0.08989133467519933,130.93888325253215
Rosemary,2022-11-30,26.5,28.806,28.673,140.9127769972297,-13.55992629017154,Natator depressus,Flatback Turtle,Female,0.12711153159476904,0.04837257564890971,-0.06058016571803518,0.07752330329219788,128.60696863226127
Rosemary,2022-12-01,22,28.764,28.564,140.6726642720436,-13.67657402355842,Natator depressus,Flatback Turtle,Female,0.13306273175346772,-0.00442525140005798,-0.05111928341446294,0.05131046663948693,85.05240114101022
Rosemary,2022-12-02,50,26.782,27.887,140.4909647818897,-13.73219974356585,Natator depressus,Flatback Turtle,Female,0.1094105259945371,-0.01571727221399905,-0.03723314971083271,0.04041460235160342,67.11387717419142
Rosemary,2022-12-03,25,27.961,27.734,140.4160404328333,-13.72655090676435,Natator depressus,Flatback Turtle,Female,0.08697907924251903,-0.0091556925518441,-0.03799612409015305,0.0390836558164433,76.4520610119995
Rosemary,2022-12-04,15,30.513,27.627,140.3409694272817,-13.84408934122297,Natator depressus,Flatback Turtle,Female,0.08819983824943159,-0.00534082065524239,-0.03753833946256085,0.0379163723855265,81.90250764773725
Rosemary,2022-12-05,25,30.326,27.414,140.3644213868654,-14.00192026520056,Natator depressus,Flatback Turtle,Female,0.09750812567713976,-0.01174980544153327,-0.04837257564890971,0.04977915229112864,76.3471426432132
Rosemary,2022-12-06,24.5,29.937,27.562,140.4874666951978,-14.23060056864435,Natator depressus,Flatback Turtle,Female,0.11505653640150763,-0.02441518013825095,-0.05218744754551142,0.05761623644858062,64.92810259046462
Rosemary,2022-12-07,18,30.399,26.899,140.6650088132146,-14.23032702955377,Natator depressus,Flatback Turtle,Female,0.13336792150519586,-0.02090549799337738,-0.05188225779378328,0.05593575350463862,68.05346473608425
Rosemary,2022-12-08,2,30.7,26.606,140.7334121255317,-14.32756513006547,Natator depressus,Flatback Turtle,Female,0.13306273175346772,0.0057986052828346,-0.04181099598675476,0.04221117397835009,97.89576509429378
Rosemary,2022-12-09,23,30.255,25.938,140.7835950553535,-14.37344782579131,Natator depressus,Flatback Turtle,Female,0.13504646513970062,1.5259487586406848e-4,-0.04089542673157035,0.040895711422512,90.21378922987712
Rosemary,2022-12-10,20.5,30.299,25.393,140.8737008744228,-14.52543197146436,Natator depressus,Flatback Turtle,Female,0.14267620893290403,0.00473044115178612,-0.04715181664199716,0.04738851006447694,95.72895128474488
Rosemary,2022-12-11,22,30.131,25.264,140.9588582148835,-14.61242225753372,Natator depressus,Flatback Turtle,Female,0.1364198190224772,0.01327575420017395,-0.04303175499366731,0.04503307215168035,107.14555091886174
Rosemary,2022-12-12,5,30.489,24.689,141.0005801688266,-14.42519919673434,Natator depressus,Flatback Turtle,Female,0.1287900752292738,-0.00259411288968916,-0.03997985747638594,0.04006392923212331,86.28753905881757
Rosemary,2022-12-13,25.5,30.394,24.058,140.9748403689749,-14.36787275855886,Natator depressus,Flatback Turtle,Female,0.12741672134649715,-0.011139425938077,-0.0367753650832405,0.03842543802268918,73.1481998478623
Rosemary,2022-12-14,18,30.321,23.644,140.933839924571,-14.34621532439192,Natator depressus,Flatback Turtle,Female,0.1355042497672928,-0.00961347717943631,-0.03463903682114355,0.03594832145422205,74.48890781227256
Rosemary,2022-12-15,20,30.463,23.683,140.9634083802156,-14.30066237334813,Natator depressus,Flatback Turtle,Female,0.12558558283612836,-0.00854531304838783,-0.0363175804556483,0.03730936913494296,76.7594800848128
Rosemary,2022-12-16,20,30.695,22.288,141.1080863618763,-14.10591066098374,Natator depressus,Flatback Turtle,Female,0.11505653640150763,0.03158713930386218,-0.05188225779378328,0.06074138657605851,121.3340386206822
Rosemary,2022-12-17,22,30.685,22.373,141.12834032028061,-14.03138424368473,Natator depressus,Flatback Turtle,Female,0.12177071093952666,0.03112935467626997,-0.01556467733813498,0.03480367657592031,153.434948822922
Rosemary,2022-12-18,5,30.861,21.571,141.1755958603671,-14.00013231523412,Natator depressus,Flatback Turtle,Female,0.10925793111867305,0.00732455404147528,-0.00839271817252376,0.011139425938077,131.11209043916693
Rosemary,2022-12-19,9,30.845,21.587,141.1852976769925,-13.96836027018554,Natator depressus,Flatback Turtle,Female,0.09109914089084888,-0.02380480063479468,0.00564601040697053,0.02446519909540776,346.657166301577
Rosemary,2022-12-20,13,30.552,21.5,141.2006172741048,-13.88812432028415,Natator depressus,Flatback Turtle,Female,0.10010223856682891,-0.0813330688355485,0.01709062609677567,0.08310931107034794,348.13301412180203
Rosemary,2022-12-21,5,30.694,21.5,141.1995709849059,-13.88169838778119,Natator depressus,Flatback Turtle,Female,0.0929302794012177,-0.09903407443578044,0.02410999038652282,0.10192663800886365,346.31742969132
Rosemary,2022-12-22,3,30.437,21.5,141.1764905442764,-13.72839154658502,Natator depressus,Flatback Turtle,Female,0.09521920253917872,-0.0755344635527139,0.0144965132070865,0.07691296431265342,349.13594007791227
Rosemary,2022-12-23,10,30.384,21.5,141.0691045388605,-13.7814151508922,Natator depressus,Flatback Turtle,Female,0.10910533624280896,-0.03433384706941541,-0.03524941632459982,0.04920705646359036,45.75384833307077
Rosemary,2022-12-24,10,30.106,21.5,140.84471628011,-13.66808557234829,Natator depressus,Flatback Turtle,Female,0.11383577739459508,-0.02868783666244487,-0.06119054522149146,0.06758161582023996,64.88150450949593
Rosemary,2022-12-25,20,29.964,21.5,140.8160183993949,-13.6146934296606,Natator depressus,Flatback Turtle,Female,0.11597210565669204,-0.02014252361405704,-0.06515801199395724,0.06820035032569496,72.82186948932986
Rosemary,2022-12-26,4,30.642,21.5,140.6704221223536,-13.64153729990919,Natator depressus,Flatback Turtle,Female,0.13001083423618634,-0.01297056444844582,-0.05630750919384127,0.05778210046135226,77.02806562159098
Rosemary,2022-12-27,15,30.432,21.5,140.5462547333445,-13.58409524095844,Natator depressus,Flatback Turtle,Female,0.11749805441533272,-0.01373353882776616,-0.05478156043520058,0.05647680455239385,75.92621015506722
Rosemary,2022-12-28,59,27.18,21.5,140.4618111006249,-13.53372664264316,Natator depressus,Flatback Turtle,Female,0.11292020813941069,-0.02319442113133841,-0.04593105763508461,0.05145525461112152,63.206982733378
Rosemary,2022-12-29,40,27.021,21.5,140.334198530231,-13.48250460273008,Natator depressus,Flatback Turtle,Female,0.1171928646636046,-0.02884043153830894,-0.04760960126958936,0.05566367419031168,58.79380861217655
Rosemary,2022-12-30,30,29.843,21.5,140.1510419996847,-13.42161486397637,Natator depressus,Flatback Turtle,Female,0.12222849556711886,0.08362199197350953,-0.03830131384188118,0.09197623705953605,155.39083747068457
Rosemary,2022-12-31,10,29.677,21.5,140.0744981523488,-13.41228817866471,Natator depressus,Flatback Turtle,Female,0.1423710191811759,0.06653136587673386,-0.02502555964170723,0.07108235562222508,159.3863711018014
Rosemary,2023-01-01,60,26.252,21.5,139.8804424511451,-13.30153271580587,Natator depressus,Flatback Turtle,Female,0.13443608563624437,-6.103795034562739e-4,-0.01480170295881464,0.01481428275750202,87.63862534182438
Rosemary,2023-01-02,35,29.163,21.5,139.8706461754888,-13.21702807070676,Natator depressus,Flatback Turtle,Female,0.133673111256924,0.00747714891733935,-0.00549341553110646,0.00927822020268277,143.69550287742476
Rosemary,2023-01-03,30,28.876,21.5,139.8402008198085,-12.99673958752946,Natator depressus,Flatback Turtle,Female,0.14267620893290403,0.02197366212442586,-0.01312315932430989,0.02559412311077778,149.1534125878514
Rosemary,2023-01-04,20,28.867,21.5,139.8249471659529,-12.97516138125818,Natator depressus,Flatback Turtle,Female,0.1423710191811759,0.01709062609677567,-0.01068164131048479,0.02015408051650198,147.99461679191648
Rosemary,2023-01-05,40,26.362,21.5,139.7578570113771,-12.88300158294457,Natator depressus,Flatback Turtle,Female,0.147101460332962,0.02533074939343536,-0.02304182625547434,0.03424284774986586,137.70913600056184
Rosemary,2023-01-06,30.5,28.151,21.5,139.6159905006639,-12.81810732971731,Natator depressus,Flatback Turtle,Female,0.13336792150519586,0.01480170295881464,-0.02014252361405704,0.02499623307668232,126.31024971086045
Rosemary,2023-01-07,25,28.609,21.5,139.6177614986177,-12.81931132180527,Natator depressus,Flatback Turtle,Female,0.12543298796026428,0.01144461568980513,-0.02060030824164924,0.0235659060495941,119.05460409907714
Rosemary,2023-01-08,34,28.306,21.5,139.5331561542188,-12.76455611155441,Natator depressus,Flatback Turtle,Female,0.12085514168434223,0.0062563899104268,-0.02075290311751331,0.02167545622394565,106.77651428763782
Rosemary,2023-01-09,36,28.473,21.5,139.5228810960951,-12.77320459532476,Natator depressus,Flatback Turtle,Female,0.1258907725878565,0.01373353882776616,-0.01998992873819297,0.02425298620153391,124.48995663073136
Rosemary,2023-01-10,57.5,26.51,21.5,139.4753257356098,-12.79809786172226,Natator depressus,Flatback Turtle,Female,0.14374437306395252,0.0202951184899211,-0.01907435948300856,0.02785180468492079,136.77604425335875
Rosemary,2023-01-11,50,26.506,21.5,139.3689609104956,-12.81380880934736,Natator depressus,Flatback Turtle,Female,0.13596203439488502,0.01754841072436787,-0.01937954923473669,0.02614409393137756,132.1612121589946
Rosemary,2023-01-12,10,29.005,21.5,139.3062632082353,-12.82733277199142,Natator depressus,Flatback Turtle,Female,0.13504646513970062,0.01800619535196008,-0.02075290311751331,0.0274755538407844,130.9464457681686
Rosemary,2023-01-13,23,29.162,21.5,139.1627650373614,-12.79848013950914,Natator depressus,Flatback Turtle,Female,0.140387285794943,0.01770100560023194,-0.02212625700028993,0.02833543449644494,128.65980825409008
Rosemary,2023-01-14,10,29.041,21.5,139.1238863120876,-12.72294349250231,Natator depressus,Flatback Turtle,Female,0.1345886805121084,0.02410999038652282,-0.02410999038652282,0.03409667539330551,135
Rosemary,2023-01-15,10,29.187,21.5,139.16569649583639,-12.62842571139321,Natator depressus,Flatback Turtle,Female,0.1298582393603223,0.02212625700028993,-0.02929821616590115,0.03671453008478728,127.06040660133849
Rosemary,2023-01-16,30,29.003,21.5,139.39258040924,-12.69772450258037,Natator depressus,Flatback Turtle,Female,0.12573817771199244,0.01968473898646483,-0.02700929302794012,0.03342141317829609,126.08507304285212
Rosemary,2023-01-17,39,27.422,21.5,139.4303431220404,-12.70243009192695,Natator depressus,Flatback Turtle,Female,0.12131292631193444,0.00900309767598004,-0.02044771336578517,0.02234199520303741,113.76382201932807
Rosemary,2023-01-18,40,26.574,21.5,139.5376477089778,-12.67967606310788,Natator depressus,Flatback Turtle,Female,0.12238109044298293,0.02945081104176521,-0.02929821616590115,0.04154197565741947,135.14881987185697
Rosemary,2023-01-19,58.5,26.638,21.5,139.6242514672007,-12.58042037424809,Natator depressus,Flatback Turtle,Female,0.11642989028428426,0.03051897517281369,-0.02975600079349335,0.04262425868940357,135.72522429905925
Rosemary,2023-01-20,30,28.626,21.5,139.723785427178,-12.60114280678364,Natator depressus,Flatback Turtle,Female,0.11459875177391544,0.04242137549021103,-0.03204492393145438,0.05316437010116997,142.93275831417208
Rosemary,2023-01-21,30,28.795,21.5,139.6424286821122,-12.59041435454607,Natator depressus,Flatback Turtle,Female,0.11932919292570156,0.03112935467626997,-0.02945081104176521,0.04285308616166134,136.58713441372277
Rosemary,2023-01-22,38.5,27.839,21.5,139.5996834155316,-12.59306320966369,Natator depressus,Flatback Turtle,Female,0.11078387987731372,0.02380480063479468,-0.02823005203485266,0.03692701411098399,130.13903482690154
Rosemary,2023-01-23,15,28.693,21.5,139.4452063601005,-12.65771500959059,Natator depressus,Flatback Turtle,Female,0.11337799276700287,0.01419132345535837,-0.02594112889689164,0.02956917025991346,118.68125342670146
Rosemary,2023-01-24,30,28.66,21.5,139.4273342071853,-12.54024969565478,Natator depressus,Flatback Turtle,Female,0.10910533624280896,0.01495429783467871,-0.0251781545175713,0.02928430447592997,120.70774492257844
Rosemary,2023-01-25,40,27.431,21.5,139.4358554922583,-12.42231383568474,Natator depressus,Flatback Turtle,Female,0.10223856682892588,0.01571727221399905,-0.02349961088306654,0.02827126381158944,123.7758395869269
Rosemary,2023-01-26,30,28.808,21.54,139.4493676789095,-12.31042402855365,Natator depressus,Flatback Turtle,Female,0.09750812567713976,0.00991866693116445,-0.02304182625547434,0.02508596641309323,113.29011724012877
Rosemary,2023-01-27,37,28.696,22.13,139.423315816946,-12.27803239538664,Natator depressus,Flatback Turtle,Female,0.09506660766331466,0.00930828742770817,-0.02212625700028993,0.0240044884069565,112.81598665473004
Rosemary,2023-01-28,54,27.454,25.716,139.4584328517855,-12.25129633850694,Natator depressus,Flatback Turtle,Female,0.09994964369096486,0.01953214411060076,-0.02288923137961027,0.03009022377295675,130.47523152716582
Rosemary,2023-01-29,2,29.484,26.872,139.4457196344426,-12.2763900555594,Natator depressus,Flatback Turtle,Female,0.09170952039430516,0.01586986708986312,-0.02014252361405704,0.02564320453829369,128.23382517744693
Rosemary,2023-01-30,38,27.526,27.86,139.4991443984878,-12.28717193817237,Natator depressus,Flatback Turtle,Female,0.0982711000564601,0.0202951184899211,-0.02365220575893061,0.03116598581438951,130.63172256541162
Rosemary,2023-01-31,3,29.542,27.213,139.5485637444196,-12.27100655012408,Natator depressus,Flatback Turtle,Female,0.0949140127874506,0.02044771336578517,-0.02182106724856179,0.02990431336372005,133.13905893398697
Rosemary,2023-02-01,33.5,28.603,27.222,139.5920707764231,-12.32575861319471,Natator depressus,Flatback Turtle,Female,0.09430363328399433,0.01388613370363023,-0.01907435948300856,0.023593556300866,126.05461816646104
Rosemary,2023-02-02,22,29.115,26.609,139.6677315185143,-12.31846205532555,Natator depressus,Flatback Turtle,Female,0.09064135626325669,0.01281796957258175,-0.0173958158485038,0.02160821031456996,126.38435181583588
Rosemary,2023-02-03,50,27.693,27.202,139.6691417555074,-12.32590570213883,Natator depressus,Flatback Turtle,Female,0.09262508964948955,0.01480170295881464,-0.01815879022782415,0.0234271652792032,129.18437347050877
Rosemary,2023-02-04,32.5,28.561,26.599,139.603115850936,-12.23349118478395,Natator depressus,Flatback Turtle,Female,0.09369325378053804,0.02365220575893061,-0.02182106724856179,0.03218051915567936,137.30596672399503
Rosemary,2023-02-05,2,29.16,25.984,139.4986234099698,-12.22277470050783,Natator depressus,Flatback Turtle,Female,0.10269635145651808,0.02899302641417301,-0.02624631864861978,0.0391083728024808,137.8466169158161
Rosemary,2023-02-06,2,29.34,25.476,139.4472225736251,-12.39919237534372,Natator depressus,Flatback Turtle,Female,0.09888147955991636,0.03570720095219203,-0.03128194955213403,0.04747172387456013,138.77942362623008
Rosemary,2023-02-07,25,29.166,25.627,139.4193735599578,-12.38624434789223,Natator depressus,Flatback Turtle,Female,0.08728426899424717,0.04135321135916256,-0.03204492393145438,0.05231601322241852,142.2276180444459
Rosemary,2023-02-08,50,27.508,25.835,139.3421230736039,-12.38110913291146,Natator depressus,Flatback Turtle,Female,0.08163825858727664,0.04806738589718157,-0.03265530343491065,0.05811060513722652,145.80918094578328
Rosemary,2023-02-09,50,27.538,25.564,139.3506509823456,-12.39858591744956,Natator depressus,Flatback Turtle,Female,0.08240123296659699,0.0537133963041521,-0.03708055483496864,0.065269414654921,145.38109394935367
Rosemary,2023-02-10,15,29.491,24.494,139.3120652382354,-12.38606681797155,Natator depressus,Flatback Turtle,Female,0.08728426899424717,0.055697129690385,-0.03753833946256085,0.0671661907908586,146.02110931484566
Rosemary,2023-02-11,20,29.319,24.982,139.4270083844416,-12.47128731482081,Natator depressus,Flatback Turtle,Female,0.1007126180702852,0.05630750919384127,-0.03708055483496864,0.06742034662090989,146.63363399894044
Rosemary,2023-02-12,26.5,28.889,25.12,139.4873044743963,-12.57701110388462,Natator depressus,Flatback Turtle,Female,0.11078387987731372,0.05630750919384127,-0.03280789831077473,0.06516819610196874,149.77253423776688
Rosemary,2023-02-13,15,28.929,24.74,139.4812019645006,-12.63987445227388,Natator depressus,Flatback Turtle,Female,0.11749805441533272,0.05218744754551142,-0.03112935467626997,0.06076649079777865,149.18429424827082
Rosemary,2023-02-14,29,28.675,24.634,139.5567638395101,-12.75685887885585,Natator depressus,Flatback Turtle,Female,0.1210077365602063,0.05401858605588024,-0.02441518013825095,0.05927991785301143,155.67810677227638
Rosemary,2023-02-15,10,28.756,24.22,139.6599139603923,-12.9582906347787,Natator depressus,Flatback Turtle,Female,0.1127676132635466,0.0508140936627348,-0.01312315932430989,0.05248132453946267,165.5192988925991
Rosemary,2023-02-16,38,28.652,23.757,139.67264024323,-13.03140761262612,Natator depressus,Flatback Turtle,Female,0.10620603360139166,0.05157706804205515,-0.01373353882776616,0.05337418886080188,165.08968623877666
Rosemary,2023-02-17,2,28.802,23.136,139.5953295802508,-13.23599863021032,Natator depressus,Flatback Turtle,Female,0.1036119207117025,0.05264523217310363,-4.5778462759220545e-4,0.052647222503426,179.50178838738637
Rosemary,2023-02-18,26.5,28.482,22.398,139.4327156683223,-13.33788470291121,Natator depressus,Flatback Turtle,Female,0.11292020813941069,0.05798605282834603,-0.00305189751728136,0.05806631037932171,176.98721249581666
Rosemary,2023-02-19,10,28.754,22.593,139.3428779932428,-13.52287175374546,Natator depressus,Flatback Turtle,Female,0.1152091312773717,0.044557703752308,-0.01251277982085361,0.04628129884222788,164.3140940799336
Rosemary,2023-02-20,50,27.934,23.284,139.2961293687075,-13.62488964913971,Natator depressus,Flatback Turtle,Female,0.1210077365602063,0.02624631864861978,-0.00274670776555323,0.02638965036059093,174.02567671351937
Rosemary,2023-02-21,50,28.914,23.101,139.3805855061414,-13.71315535830839,Natator depressus,Flatback Turtle,Female,0.11292020813941069,0.01922695435887263,-0.02914562129003708,0.03491622852343067,123.41227198390268
Rosemary,2023-02-22,40,28.954,21.625,139.5011070870949,-13.79629522274703,Natator depressus,Flatback Turtle,Female,0.12131292631193444,0.01174980544153327,-0.02838264691071674,0.03071860305372468,112.4885030547534
Rosemary,2023-02-23,15,28.706,21.842,139.5565978659774,-13.77447710061266,Natator depressus,Flatback Turtle,Female,0.1156669159049639,0.02700929302794012,-0.03692795995910457,0.04575124191331166,126.1819226852708
Rosemary,2023-02-24,40,28.954,21.873,139.6827195240633,-13.88323858483641,Natator depressus,Flatback Turtle,Female,0.10818976698762456,0.02792486228312453,-0.04104802160743442,0.04964612785923867,124.2273523517793
Rosemary,2023-02-25,40,28.972,21.564,139.8065941390125,-13.97153641357494,Natator depressus,Flatback Turtle,Female,0.09598217691849908,0.01922695435887263,-0.04379472937298765,0.04782942707969016,113.70264595096624
Rosemary,2023-02-26,2,28.75,21.5,139.9780802340947,-13.97827655680165,Natator depressus,Flatback Turtle,Female,0.09064135626325669,0.19013321532662933,-0.03723314971083271,0.19374454058845547,168.920169821077
Rosemary,2023-02-27,31.5,28.988,21.5,140.0140538284217,-13.73140469537112,Natator depressus,Flatback Turtle,Female,0.1040697053392947,-0.1089527413669449,-0.01861657485541635,0.11053179049811736,9.696393541139033
Rosemary,2023-02-28,10,28.722,21.5,140.0094490048751,-13.65480795704554,Natator depressus,Flatback Turtle,Female,0.11597210565669204,-0.3474585323424839,-0.0140387285794943,0.3477420273675899,2.3137224978242164
Rosemary,2023-03-01,33,28.912,21.5,140.0071006143621,-13.43976090873225,Natator depressus,Flatback Turtle,Female,0.0978133154288679,0.03250270855904658,-0.01968473898646483,0.03799888172880313,148.79948539601938
Rosemary,2023-03-02,50,28.952,21.5,140.0266312684606,-13.39482476190447,Natator depressus,Flatback Turtle,Female,0.0944562281598584,0.05249263729723956,-0.01937954923473669,0.05595573160062452,159.73655755815685
Rosemary,2023-03-03,35,28.926,21.5,140.0435566588743,-13.28163007540458,Natator depressus,Flatback Turtle,Female,0.08972578700807227,0.01205499519326141,-0.01037645155875665,0.01590577429931593,139.2794635302452
Rosemary,2023-03-04,50,28.901,21.5,140.01842072430821,-13.20771240097243,Natator depressus,Flatback Turtle,Female,0.08285901759418919,0.00640898478629087,-0.01037645155875665,0.01219614008373679,121.70142966950571
Rosemary,2023-03-05,8.5,28.87,21.5,140.0503816857679,-13.23051413733301,Natator depressus,Flatback Turtle,Female,0.08453756122869394,0.07736560206308273,-0.011139425938077,0.0781634389776523,171.8066223766887
Rosemary,2023-03-06,50,28.8,21.5,140.180716376756,-13.38767705392861,Natator depressus,Flatback Turtle,Female,0.05966459646285078,0.08942059725634413,-0.02746707765553232,0.0935440194166166,162.92475761051955
Rosemary,2023-03-07,52,28.774,21.5,140.1710176775181,-13.35945531067144,Natator depressus,Flatback Turtle,Female,0.05172966291791921,0.08591091511147056,-0.02639891352448384,0.08987540247789423,162.91872744469174
Rosemary,2023-03-08,52.5,28.698,21.5,140.1470862092018,-13.2925417320501,Natator depressus,Flatback Turtle,Female,0.06912547876642303,0.10300154120824624,-0.01434391833122243,0.10399550703932754,172.07201929167516
Rosemary,2023-03-09,25,28.722,21.5,140.089563234148,-13.24201190834877,Natator depressus,Flatback Turtle,Female,0.08850502800115972,0.10773198236003236,-0.01129202081394106,0.10832215727765396,174.01634241698193
Rosemary,2023-03-10,5,28.764,21.5,140.0385224381366,-13.16037898064732,Natator depressus,Flatback Turtle,Female,0.08819983824943159,0.05203485266964735,-0.01007126180702852,0.05300053024958918,169.04593735660166
Rosemary,2023-03-11,40,28.658,21.5,139.999639703898,-13.00930407365011,Natator depressus,Flatback Turtle,Female,0.09384584865640212,0.01007126180702852,-0.01266537469671768,0.01618153362923205,128.49104355949743
Rosemary,2023-03-12,41,28.564,21.5,139.9044814813333,-12.69510747727318,Natator depressus,Flatback Turtle,Female,0.0904887613873926,-0.01083423618634886,-0.03204492393145438,0.03382688019185762,71.31984962332669
Rosemary,2023-03-13,2,29.258,21.5,139.8779150434312,-12.64150692052927,Natator depressus,Flatback Turtle,Female,0.09628736667022722,0.05127187829032701,-0.02685669815207605,0.05787994245893677,152.35402463626133
Rosemary,2023-03-14,10,28.82,21.5,139.8450585126604,-12.55669178993365,Natator depressus,Flatback Turtle,Female,0.09170952039430516,0.04730441151786123,-0.02609372377275571,0.05402397402431664,151.1183044499897
Rosemary,2023-03-15,10,28.897,21.5,139.8231754828768,-12.43201174301506,Natator depressus,Flatback Turtle,Female,0.0900309767598004,0.05295042192483176,-0.02182106724856179,0.0572704649700346,157.6032574761829
Rosemary,2023-03-16,25,28.594,21.5,139.7092917990798,-12.18508466318471,Natator depressus,Flatback Turtle,Female,0.08163825858727664,0.04593105763508461,-0.0173958158485038,0.04911493117690913,159.25644198965713
Rosemary,2023-03-17,10,29.08,21.5,139.6904883923722,-12.13310056964116,Natator depressus,Flatback Turtle,Female,0.0726351609112966,0.01953214411060076,-0.01754841072436787,0.0262574060506438,138.06228708540004
Rosemary,2023-03-18,10,29.052,21.5,139.5492977220866,-11.96681662819492,Natator depressus,Flatback Turtle,Female,0.06271649398013214,0.01876916973128042,-0.01617505684159126,0.02477729194706962,139.2456107841029
Rosemary,2023-03-19,15,28.944,21.5,139.4653184458635,-11.92199810483579,Natator depressus,Flatback Turtle,Female,0.0764500328078983,0.03448644194527948,-0.02319442113133841,0.04156074890642623,146.0765497341683
Rosemary,2023-03-20,20,28.62,21.5,139.4080893356532,-11.97107705077139,Natator depressus,Flatback Turtle,Female,0.06790471975951047,0.02777226740726046,-0.02166847237269772,0.03522529676108842,142.03794076318468
Rosemary,2023-03-21,20,28.653,21.5,139.4021676530389,-11.96150399510352,Natator depressus,Flatback Turtle,Female,0.06546320174568537,0.01998992873819297,-0.02121068774510551,0.02914602075032546,133.3028438103997
Rosemary,2023-03-22,25,28.557,21.5,139.4057997188032,-12.01255006554318,Natator depressus,Flatback Turtle,Female,0.07568705842857797,0.02655150840034791,-0.02945081104176521,0.03965265274040951,132.03637934259814
Rosemary,2023-03-23,20,28.801,21.5,139.397746025877,-12.07022484064893,Natator depressus,Flatback Turtle,Female,0.08301161247005326,0.02670410327621198,-0.03067157004867776,0.0406676080073262,131.04435451961584
Rosemary,2023-03-24,35.5,28.444,21.5,139.3522208261122,-12.0522506092389,Natator depressus,Flatback Turtle,Female,0.08316420734591733,0.02365220575893061,-0.02945081104176521,0.0377727032164836,128.76825439495988
Rosemary,2023-03-25,25,29.044,21.5,139.3233134710543,-12.12596506201045,Natator depressus,Flatback Turtle,Female,0.08835243312529566,0.0251781545175713,-0.03067157004867776,0.03968229673496284,129.38241940987317
Rosemary,2023-03-26,30,28.434,21.5,139.3020748023603,-12.15787310037556,Natator depressus,Flatback Turtle,Female,0.08682648436665497,0.01251277982085361,-0.02761967253139639,0.0303218727915466,114.37236492240352
Rosemary,2023-03-27,15,29.349,21.5,139.2699003909972,-12.19112940345692,Natator depressus,Flatback Turtle,Female,0.10040742831855706,0.011139425938077,-0.02960340591762928,0.03162986645804612,110.6207496296976
Rosemary,2023-03-28,25,28.924,21.5,139.2600798414962,-12.19545199444105,Natator depressus,Flatback Turtle,Female,0.0973555308012757,0.00732455404147528,-0.02700929302794012,0.02798483521079992,105.17291534552524
Rosemary,2023-03-29,35,28.34,21.5,139.1976590697764,-12.09673649844723,Natator depressus,Flatback Turtle,Female,0.1065112233531198,0.01785360047609601,-0.02929821616590115,0.0343094232021456,121.35708522400992
Rosemary,2023-03-30,11.5,29.507,21.5,139.1599766152614,-12.15062971848173,Natator depressus,Flatback Turtle,Female,0.10422230021515876,0.00946088230357224,-0.02594112889689164,0.02761250554381461,110.03721016919296
Rosemary,2023-03-31,25,29.328,21.5,139.1450323164939,-12.17192019830947,Natator depressus,Flatback Turtle,Female,0.10620603360139166,0.00350968214487357,-0.02243144675201806,0.02270435359455684,98.89254870824811
Rosemary,2023-04-01,20,29.455,21.5,139.0403999435931,-12.16444455794836,Natator depressus,Flatback Turtle,Female,0.11032609524972152,-0.0033570872690095,-0.02319442113133841,0.02343610903178305,81.7643806757905
Rosemary,2023-04-02,20,29.465,21.5,139.0077844443228,-12.12347316150683,Natator depressus,Flatback Turtle,Female,0.11658248516014832,0.00930828742770817,-0.02838264691071674,0.02987003281711034,108.15726547437932
Rosemary,2023-04-03,43.5,28.342,21.5,139.0545779374166,-12.10845891607696,Natator depressus,Flatback Turtle,Female,0.11124166450490593,0.01678543634504753,-0.02731448277966825,0.03205981663725538,121.57177055177728
Rosemary,2023-04-04,28,28.455,21.5,139.0780839376348,-12.13299665833081,Natator depressus,Flatback Turtle,Female,0.10590084384966351,0.0144965132070865,-0.02533074939343536,0.02918554025534322,119.78203808778588
Rosemary,2023-04-05,26,28.625,21.5,139.0487494174219,-12.11485579006071,Natator depressus,Flatback Turtle,Female,0.10376451558756657,0.01480170295881464,-0.02334701600720247,0.027643689459288,122.37416312109268
Rosemary,2023-04-06,20,29.488,21.5,138.8778025926819,-12.18180420273788,Natator depressus,Flatback Turtle,Female,0.10147559244960554,0.01251277982085361,-0.02426258526238689,0.02729913373094016,117.2812111225484
Rosemary,2023-04-07,20,29.475,21.5,138.9648457702802,-12.10835285178868,Natator depressus,Flatback Turtle,Female,0.0982711000564601,0.01709062609677567,-0.02395739551065875,0.02942866459820971,125.503141461309
Rosemary,2023-04-08,27,28.446,21.5,138.9998793932117,-12.06561860313698,Natator depressus,Flatback Turtle,Female,0.1084949567393527,0.02365220575893061,-0.0251781545175713,0.03454513427638524,133.21008939175394
Rosemary,2023-04-09,17,29.446,21.5,139.0206704992797,-12.08338961065537,Natator depressus,Flatback Turtle,Female,0.10544305922207133,0.01602246196572719,-0.02105809286924145,0.0264605850791847,127.26640190097714
Rosemary,2023-04-10,46,28.258,21.5,138.9988377914428,-12.01111982304345,Natator depressus,Flatback Turtle,Female,0.1007126180702852,0.00457784627592205,-0.01998992873819297,0.02050741152569009,102.89875110416445
Rosemary,2023-04-11,10,29.586,21.5,138.8920466034769,-11.94600414154215,Natator depressus,Flatback Turtle,Female,0.1011704026978774,-0.00518822577937832,-0.0202951184899211,0.02094778081940289,75.66007149865777
Rosemary,2023-04-12,15,29.656,21.5,138.9687478255916,-11.85569883084236,Natator depressus,Flatback Turtle,Female,0.1031541360841103,0.00473044115178612,-0.02212625700028993,0.0226262750432631,102.06776895865332
Rosemary,2023-04-13,15,29.595,21.5,139.0653253600478,-11.84639321028807,Natator depressus,Flatback Turtle,Female,0.09811850518059605,0.00167854363450475,-0.01998992873819297,0.02006027815587235,94.79983611390468
Rosemary,2023-04-14,40,28.418,21.5,139.0510637721967,-11.82645281031181,Natator depressus,Flatback Turtle,Female,0.09125173576671296,6.103795034562739e-4,-0.01907435948300856,0.01908412305622865,91.83283950594206
Rosemary,2023-04-15,21.5,29.225,21.5,139.0098688812827,-11.87534771281404,Natator depressus,Flatback Turtle,Female,0.08255382784246106,0.00778233866906749,-0.01770100560023194,0.01933624561334247,113.732939804072
